,Jul-Set
2018-09-01 00:00:00,96.94483333333334
2018-09-01 00:30:00,88.24649999999998
2018-09-01 01:00:00,98.67566666666666
2018-09-01 01:30:00,92.101
2018-09-01 02:00:00,92.377
2018-09-01 02:30:00,100.492
2018-09-01 03:00:00,100.493
2018-09-01 03:30:00,95.4105
2018-09-01 04:00:00,86.27050000000001
2018-09-01 04:30:00,99.60366666666668
2018-09-01 05:00:00,103.94266666666668
2018-09-01 05:30:00,76.26816666666667
2018-09-01 06:00:00,73.85766666666667
2018-09-01 06:30:00,90.62149999999998
2018-09-01 07:00:00,73.36633333333333
2018-09-01 07:30:00,57.601333333333336
2018-09-01 08:00:00,58.559
2018-09-01 08:30:00,70.36833333333333
2018-09-01 09:00:00,48.8695
2018-09-01 09:30:00,66.10116666666669
2018-09-01 10:00:00,58.296833333333325
2018-09-01 10:30:00,59.00233333333333
2018-09-01 11:00:00,57.935333333333325
2018-09-01 11:30:00,56.66783333333333
2018-09-01 12:00:00,59.3285
2018-09-01 12:30:00,54.17533333333333
2018-09-01 13:00:00,34.66866666666667
2018-09-01 13:30:00,38.3845
2018-09-01 14:00:00,47.095666666666666
2018-09-01 14:30:00,36.08
2018-09-01 15:00:00,37.6275
2018-09-01 15:30:00,51.34666666666666
2018-09-01 16:00:00,29.4765
2018-09-01 16:30:00,31.62
2018-09-01 17:00:00,57.75483333333333
2018-09-01 17:30:00,30.22866666666667
2018-09-01 18:00:00,21.61916666666667
2018-09-01 18:30:00,23.019500000000004
2018-09-01 19:00:00,13.890833333333331
2018-09-01 19:30:00,11.725500000000002
2018-09-01 20:00:00,8.698833333333335
2018-09-01 20:30:00,3.661
2018-09-01 21:00:00,5.311166666666666
2018-09-01 21:30:00,9.717333333333334
2018-09-01 22:00:00,7.6915
2018-09-01 22:30:00,12.001833333333332
2018-09-01 23:00:00,4.747333333333334
2018-09-01 23:30:00,4.023000000000001
2018-09-02 00:00:00,4.774833333333333
2018-09-02 00:30:00,1.1786666666666668
2018-09-02 01:00:00,0.2394999999999999
2018-09-02 01:30:00,0.4318333333333333
2018-09-02 02:00:00,4.4485
2018-09-02 02:30:00,10.951666666666668
2018-09-02 03:00:00,2.1346666666666665
2018-09-02 03:30:00,2.968166666666667
2018-09-02 04:00:00,16.961166666666667
2018-09-02 04:30:00,11.037333333333333
2018-09-02 05:00:00,6.325833333333333
2018-09-02 05:30:00,3.4285
2018-09-02 06:00:00,9.834666666666664
2018-09-02 06:30:00,7.581666666666667
2018-09-02 07:00:00,2.4181666666666666
2018-09-02 07:30:00,3.2093333333333334
2018-09-02 08:00:00,8.468000000000002
2018-09-02 08:30:00,7.240166666666666
2018-09-02 09:00:00,2.256833333333333
2018-09-02 09:30:00,2.109833333333333
2018-09-02 10:00:00,4.898833333333333
2018-09-02 10:30:00,10.133833333333332
2018-09-02 11:00:00,1.649166666666667
2018-09-02 11:30:00,11.991
2018-09-02 12:00:00,19.40983333333333
2018-09-02 12:30:00,14.7785
2018-09-02 13:00:00,2.439
2018-09-02 13:30:00,13.579
2018-09-02 14:00:00,2.9170000000000003
2018-09-02 14:30:00,3.6818333333333335
2018-09-02 15:00:00,0.9083333333333332
2018-09-02 15:30:00,3.094
2018-09-02 16:00:00,2.4488333333333334
2018-09-02 16:30:00,26.290333333333336
2018-09-02 17:00:00,19.50833333333333
2018-09-02 17:30:00,6.370666666666666
2018-09-02 18:00:00,4.851666666666667
2018-09-02 18:30:00,2.9285
2018-09-02 19:00:00,4.271333333333334
2018-09-02 19:30:00,7.524333333333334
2018-09-02 20:00:00,0.8743333333333334
2018-09-02 20:30:00,0.673
2018-09-02 21:00:00,3.194833333333333
2018-09-02 21:30:00,3.0980000000000003
2018-09-02 22:00:00,3.373333333333333
2018-09-02 22:30:00,2.088833333333333
2018-09-02 23:00:00,2.1460000000000004
2018-09-02 23:30:00,4.761166666666667
2018-09-03 00:00:00,2.6170000000000004
2018-09-03 00:30:00,7.685833333333334
2018-09-03 01:00:00,3.935666666666666
2018-09-03 01:30:00,0.2666666666666666
2018-09-03 02:00:00,2.708833333333333
2018-09-03 02:30:00,0.5903333333333333
2018-09-03 03:00:00,0.1694999999999999
2018-09-03 03:30:00,0.997
2018-09-03 04:00:00,2.3296666666666668
2018-09-03 04:30:00,2.9218333333333333
2018-09-03 05:00:00,4.9030000000000005
2018-09-03 05:30:00,4.22
2018-09-03 06:00:00,2.6284999999999994
2018-09-03 06:30:00,2.4120000000000004
2018-09-03 07:00:00,16.612166666666667
2018-09-03 07:30:00,17.401
2018-09-03 08:00:00,8.5055
2018-09-03 08:30:00,5.298166666666667
2018-09-03 09:00:00,0.884
2018-09-03 09:30:00,0.454
2018-09-03 10:00:00,5.129666666666667
2018-09-03 10:30:00,3.5600000000000005
2018-09-03 11:00:00,4.53
2018-09-03 11:30:00,13.448833333333337
2018-09-03 12:00:00,11.652
2018-09-03 12:30:00,16.665000000000003
2018-09-03 13:00:00,16.014666666666667
2018-09-03 13:30:00,18.2705
2018-09-03 14:00:00,22.59233333333333
2018-09-03 14:30:00,11.924166666666666
2018-09-03 15:00:00,9.693
2018-09-03 15:30:00,14.266
2018-09-03 16:00:00,15.572666666666665
2018-09-03 16:30:00,14.454666666666668
2018-09-03 17:00:00,16.919666666666668
2018-09-03 17:30:00,16.171666666666667
2018-09-03 18:00:00,15.6945
2018-09-03 18:30:00,17.7075
2018-09-03 19:00:00,25.859166666666667
2018-09-03 19:30:00,23.32933333333333
2018-09-03 20:00:00,22.567
2018-09-03 20:30:00,17.113
2018-09-03 21:00:00,15.613333333333337
2018-09-03 21:30:00,15.649166666666668
2018-09-03 22:00:00,19.84433333333333
2018-09-03 22:30:00,25.846833333333336
2018-09-03 23:00:00,28.86366666666667
2018-09-03 23:30:00,33.032500000000006
2018-09-04 00:00:00,30.93533333333333
2018-09-04 00:30:00,30.01783333333333
2018-09-04 01:00:00,24.779666666666667
2018-09-04 01:30:00,22.357333333333333
2018-09-04 02:00:00,16.386333333333333
2018-09-04 02:30:00,13.756500000000004
2018-09-04 03:00:00,13.504666666666669
2018-09-04 03:30:00,13.175
2018-09-04 04:00:00,13.720166666666666
2018-09-04 04:30:00,16.85066666666667
2018-09-04 05:00:00,16.514333333333333
2018-09-04 05:30:00,15.552666666666669
2018-09-04 06:00:00,12.251666666666669
2018-09-04 06:30:00,11.7605
2018-09-04 07:00:00,13.151166666666668
2018-09-04 07:30:00,10.501
2018-09-04 08:00:00,12.0015
2018-09-04 08:30:00,13.054
2018-09-04 09:00:00,11.85
2018-09-04 09:30:00,10.722666666666669
2018-09-04 10:00:00,13.617000000000004
2018-09-04 10:30:00,19.243
2018-09-04 11:00:00,26.77
2018-09-04 11:30:00,20.04216666666667
2018-09-04 12:00:00,16.859333333333336
2018-09-04 12:30:00,16.825833333333332
2018-09-04 13:00:00,14.0325
2018-09-04 13:30:00,13.491833333333334
2018-09-04 14:00:00,12.6255
2018-09-04 14:30:00,10.199
2018-09-04 15:00:00,12.179166666666667
2018-09-04 15:30:00,19.649666666666665
2018-09-04 16:00:00,18.13833333333333
2018-09-04 16:30:00,17.2995
2018-09-04 17:00:00,14.734500000000002
2018-09-04 17:30:00,9.7415
2018-09-04 18:00:00,16.248833333333334
2018-09-04 18:30:00,17.398
2018-09-04 19:00:00,16.74116666666667
2018-09-04 19:30:00,30.00433333333333
2018-09-04 20:00:00,43.511500000000005
2018-09-04 20:30:00,39.62083333333334
2018-09-04 21:00:00,24.793
2018-09-04 21:30:00,29.81266666666666
2018-09-04 22:00:00,36.40033333333333
2018-09-04 22:30:00,46.925666666666665
2018-09-04 23:00:00,57.3105
2018-09-04 23:30:00,61.91566666666666
2018-09-05 00:00:00,67.09
2018-09-05 00:30:00,74.92333333333333
2018-09-05 01:00:00,59.58816666666667
2018-09-05 01:30:00,65.959
2018-09-05 02:00:00,91.115
2018-09-05 02:30:00,108.63316666666668
2018-09-05 03:00:00,106.712
2018-09-05 03:30:00,96.02283333333332
2018-09-05 04:00:00,90.97033333333331
2018-09-05 04:30:00,99.09566666666666
2018-09-05 05:00:00,90.55283333333334
2018-09-05 05:30:00,76.3525
2018-09-05 06:00:00,87.074
2018-09-05 06:30:00,84.34883333333333
2018-09-05 07:00:00,80.38066666666667
2018-09-05 07:30:00,66.7815
2018-09-05 08:00:00,54.77766666666667
2018-09-05 08:30:00,60.47433333333333
2018-09-05 09:00:00,76.09416666666667
2018-09-05 09:30:00,94.02983333333331
2018-09-05 10:00:00,70.75566666666667
2018-09-05 10:30:00,63.81116666666668
2018-09-05 11:00:00,61.91066666666668
2018-09-05 11:30:00,60.927
2018-09-05 12:00:00,71.01816666666666
2018-09-05 12:30:00,78.98983333333334
2018-09-05 13:00:00,66.13033333333334
2018-09-05 13:30:00,58.92516666666666
2018-09-05 14:00:00,50.32533333333333
2018-09-05 14:30:00,87.54
2018-09-05 15:00:00,90.92416666666666
2018-09-05 15:30:00,94.814
2018-09-05 16:00:00,86.3895
2018-09-05 16:30:00,79.48516666666667
2018-09-05 17:00:00,75.27666666666667
2018-09-05 17:30:00,69.9965
2018-09-05 18:00:00,59.02566666666666
2018-09-05 18:30:00,46.1755
2018-09-05 19:00:00,31.146500000000003
2018-09-05 19:30:00,35.215
2018-09-05 20:00:00,34.21366666666666
2018-09-05 20:30:00,31.066666666666663
2018-09-05 21:00:00,26.922166666666666
2018-09-05 21:30:00,21.166833333333333
2018-09-05 22:00:00,34.67483333333333
2018-09-05 22:30:00,57.02966666666668
2018-09-05 23:00:00,64.52366666666667
2018-09-05 23:30:00,65.54566666666666
2018-09-06 00:00:00,83.03349999999999
2018-09-06 00:30:00,107.522
2018-09-06 01:00:00,105.43533333333336
2018-09-06 01:30:00,105.55183333333332
2018-09-06 02:00:00,94.37466666666668
2018-09-06 02:30:00,102.22966666666666
2018-09-06 03:00:00,109.0795
2018-09-06 03:30:00,105.12866666666667
2018-09-06 04:00:00,105.16166666666668
2018-09-06 04:30:00,103.503
2018-09-06 05:00:00,110.53566666666666
2018-09-06 05:30:00,111.372
2018-09-06 06:00:00,112.80883333333333
2018-09-06 06:30:00,111.211
2018-09-06 07:00:00,110.822
2018-09-06 07:30:00,113.55216666666666
2018-09-06 08:00:00,111.81366666666666
2018-09-06 08:30:00,109.291
2018-09-06 09:00:00,106.20766666666668
2018-09-06 09:30:00,105.90983333333334
2018-09-06 10:00:00,104.74166666666667
2018-09-06 10:30:00,106.73966666666666
2018-09-06 11:00:00,109.09133333333334
2018-09-06 11:30:00,105.91366666666666
2018-09-06 12:00:00,107.22366666666666
2018-09-06 12:30:00,105.54683333333332
2018-09-06 13:00:00,107.11116666666668
2018-09-06 13:30:00,106.63483333333332
2018-09-06 14:00:00,100.39516666666668
2018-09-06 14:30:00,97.61283333333334
2018-09-06 15:00:00,92.61583333333334
2018-09-06 15:30:00,66.569
2018-09-06 16:00:00,65.5095
2018-09-06 16:30:00,95.3495
2018-09-06 17:00:00,55.57816666666667
2018-09-06 17:30:00,54.907
2018-09-06 18:00:00,69.22833333333334
2018-09-06 18:30:00,24.198
2018-09-06 19:00:00,21.48883333333333
2018-09-06 19:30:00,16.149
2018-09-06 20:00:00,16.178833333333333
2018-09-06 20:30:00,24.127166666666668
2018-09-06 21:00:00,46.84916666666667
2018-09-06 21:30:00,73.92133333333332
2018-09-06 22:00:00,65.224
2018-09-06 22:30:00,62.963
2018-09-06 23:00:00,69.39066666666666
2018-09-06 23:30:00,62.63550000000001
2018-09-07 00:00:00,60.47116666666667
2018-09-07 00:30:00,68.30266666666667
2018-09-07 01:00:00,71.06133333333334
2018-09-07 01:30:00,80.29383333333334
2018-09-07 02:00:00,81.80550000000001
2018-09-07 02:30:00,63.215
2018-09-07 03:00:00,47.29366666666667
2018-09-07 03:30:00,54.9425
2018-09-07 04:00:00,51.19616666666666
2018-09-07 04:30:00,55.29683333333333
2018-09-07 05:00:00,56.84716666666667
2018-09-07 05:30:00,33.34916666666667
2018-09-07 06:00:00,32.336166666666664
2018-09-07 06:30:00,34.223333333333336
2018-09-07 07:00:00,29.038
2018-09-07 07:30:00,22.627
2018-09-07 08:00:00,14.491
2018-09-07 08:30:00,11.368333333333332
2018-09-07 09:00:00,7.9045
2018-09-07 09:30:00,6.363833333333333
2018-09-07 10:00:00,5.766166666666667
2018-09-07 10:30:00,9.1255
2018-09-07 11:00:00,8.838166666666666
2018-09-07 11:30:00,6.773333333333333
2018-09-07 12:00:00,2.5301666666666667
2018-09-07 12:30:00,1.1846666666666663
2018-09-07 13:00:00,1.7513333333333332
2018-09-07 13:30:00,6.586833333333334
2018-09-07 14:00:00,6.2435
2018-09-07 14:30:00,5.335
2018-09-07 15:00:00,8.519666666666668
2018-09-07 15:30:00,11.350833333333334
2018-09-07 16:00:00,9.374333333333334
2018-09-07 16:30:00,5.581666666666667
2018-09-07 17:00:00,6.297666666666667
2018-09-07 17:30:00,16.935000000000002
2018-09-07 18:00:00,8.885499999999999
2018-09-07 18:30:00,7.2365
2018-09-07 19:00:00,11.696333333333332
2018-09-07 19:30:00,19.36233333333333
2018-09-07 20:00:00,12.58183333333333
2018-09-07 20:30:00,4.014
2018-09-07 21:00:00,1.6518333333333337
2018-09-07 21:30:00,0.1115
2018-09-07 22:00:00,-0.2444999999999999
2018-09-07 22:30:00,-0.1899999999999999
2018-09-07 23:00:00,-0.1758333333333333
2018-09-07 23:30:00,-0.1846666666666666
2018-09-08 00:00:00,-0.1856666666666666
2018-09-08 00:30:00,-0.1908333333333333
2018-09-08 01:00:00,-0.1919999999999999
2018-09-08 01:30:00,-0.2033333333333332
2018-09-08 02:00:00,-0.1989999999999999
2018-09-08 02:30:00,-0.2045
2018-09-08 03:00:00,-0.2143333333333333
2018-09-08 03:30:00,-0.2135
2018-09-08 04:00:00,-0.2253333333333332
2018-09-08 04:30:00,-0.2588333333333333
2018-09-08 05:00:00,-0.0768333333333333
2018-09-08 05:30:00,0.7251666666666668
2018-09-08 06:00:00,2.0563333333333333
2018-09-08 06:30:00,3.333333333333333
2018-09-08 07:00:00,5.126833333333334
2018-09-08 07:30:00,8.044333333333332
2018-09-08 08:00:00,11.847333333333331
2018-09-08 08:30:00,16.73183333333333
2018-09-08 09:00:00,19.3185
2018-09-08 09:30:00,13.5475
2018-09-08 10:00:00,8.881333333333332
2018-09-08 10:30:00,10.994666666666667
2018-09-08 11:00:00,18.598166666666668
2018-09-08 11:30:00,27.097833333333337
2018-09-08 12:00:00,27.32166666666667
2018-09-08 12:30:00,37.91283333333333
2018-09-08 13:00:00,44.33016666666666
2018-09-08 13:30:00,33.63816666666667
2018-09-08 14:00:00,33.99916666666667
2018-09-08 14:30:00,46.93566666666666
2018-09-08 15:00:00,43.377
2018-09-08 15:30:00,47.904500000000006
2018-09-08 16:00:00,59.988166666666665
2018-09-08 16:30:00,59.758500000000005
2018-09-08 17:00:00,51.719166666666666
2018-09-08 17:30:00,43.78616666666667
2018-09-08 18:00:00,28.324666666666666
2018-09-08 18:30:00,24.791
2018-09-08 19:00:00,40.8315
2018-09-08 19:30:00,70.10716666666667
2018-09-08 20:00:00,64.7405
2018-09-08 20:30:00,66.42433333333332
2018-09-08 21:00:00,69.20266666666667
2018-09-08 21:30:00,73.49533333333332
2018-09-08 22:00:00,79.42683333333333
2018-09-08 22:30:00,70.8155
2018-09-08 23:00:00,60.45866666666666
2018-09-08 23:30:00,59.2595
2018-09-09 00:00:00,47.68516666666667
2018-09-09 00:30:00,49.33233333333334
2018-09-09 01:00:00,67.50133333333333
2018-09-09 01:30:00,68.224
2018-09-09 02:00:00,49.97583333333333
2018-09-09 02:30:00,44.30633333333333
2018-09-09 03:00:00,54.81666666666666
2018-09-09 03:30:00,51.459333333333326
2018-09-09 04:00:00,44.71233333333333
2018-09-09 04:30:00,44.2605
2018-09-09 05:00:00,54.13249999999999
2018-09-09 05:30:00,76.49166666666667
2018-09-09 06:00:00,88.15733333333334
2018-09-09 06:30:00,107.17533333333334
2018-09-09 07:00:00,109.56983333333334
2018-09-09 07:30:00,105.73383333333334
2018-09-09 08:00:00,90.83733333333332
2018-09-09 08:30:00,97.21783333333332
2018-09-09 09:00:00,105.16616666666664
2018-09-09 09:30:00,108.18783333333332
2018-09-09 10:00:00,97.58483333333334
2018-09-09 10:30:00,102.96783333333332
2018-09-09 11:00:00,100.88883333333332
2018-09-09 11:30:00,108.3725
2018-09-09 12:00:00,109.44083333333332
2018-09-09 12:30:00,109.3365
2018-09-09 13:00:00,103.53249999999998
2018-09-09 13:30:00,93.11716666666668
2018-09-09 14:00:00,98.48766666666668
2018-09-09 14:30:00,95.79616666666668
2018-09-09 15:00:00,98.15416666666664
2018-09-09 15:30:00,99.8885
2018-09-09 16:00:00,97.18183333333332
2018-09-09 16:30:00,89.83816666666667
2018-09-09 17:00:00,75.76683333333334
2018-09-09 17:30:00,74.20016666666666
2018-09-09 18:00:00,77.92283333333334
2018-09-09 18:30:00,48.55100000000001
2018-09-09 19:00:00,58.51383333333334
2018-09-09 19:30:00,57.41166666666666
2018-09-09 20:00:00,62.762
2018-09-09 20:30:00,48.67283333333333
2018-09-09 21:00:00,42.21266666666667
2018-09-09 21:30:00,44.359
2018-09-09 22:00:00,64.55583333333333
2018-09-09 22:30:00,67.18683333333334
2018-09-09 23:00:00,49.86300000000001
2018-09-09 23:30:00,46.581333333333326
2018-09-10 00:00:00,61.532833333333336
2018-09-10 00:30:00,59.8085
2018-09-10 01:00:00,49.209
2018-09-10 01:30:00,46.496
2018-09-10 02:00:00,39.70333333333333
2018-09-10 02:30:00,30.2235
2018-09-10 03:00:00,16.456666666666667
2018-09-10 03:30:00,12.602833333333336
2018-09-10 04:00:00,13.876833333333332
2018-09-10 04:30:00,12.429666666666668
2018-09-10 05:00:00,19.437
2018-09-10 05:30:00,19.98283333333333
2018-09-10 06:00:00,15.820166666666664
2018-09-10 06:30:00,12.932666666666668
2018-09-10 07:00:00,14.489666666666665
2018-09-10 07:30:00,13.327333333333334
2018-09-10 08:00:00,22.715
2018-09-10 08:30:00,18.151166666666665
2018-09-10 09:00:00,17.174333333333333
2018-09-10 09:30:00,11.4905
2018-09-10 10:00:00,11.066666666666665
2018-09-10 10:30:00,6.894333333333333
2018-09-10 11:00:00,5.2796666666666665
2018-09-10 11:30:00,6.415
2018-09-10 12:00:00,11.945833333333333
2018-09-10 12:30:00,7.939833333333333
2018-09-10 13:00:00,7.607166666666667
2018-09-10 13:30:00,7.058333333333333
2018-09-10 14:00:00,4.035666666666667
2018-09-10 14:30:00,4.479166666666667
2018-09-10 15:00:00,5.8065
2018-09-10 15:30:00,3.1486666666666667
2018-09-10 16:00:00,1.2746666666666666
2018-09-10 16:30:00,-0.2721666666666667
2018-09-10 17:00:00,0.18
2018-09-10 17:30:00,-0.2199999999999999
2018-09-10 18:00:00,-0.2135
2018-09-10 18:30:00,-0.2013333333333332
2018-09-10 19:00:00,-0.1858333333333333
2018-09-10 19:30:00,-0.1518333333333333
2018-09-10 20:00:00,0.1721666666666666
2018-09-10 20:30:00,2.0285
2018-09-10 21:00:00,4.8305
2018-09-10 21:30:00,12.315833333333336
2018-09-10 22:00:00,22.189833333333336
2018-09-10 22:30:00,36.22616666666668
2018-09-10 23:00:00,54.73600000000001
2018-09-10 23:30:00,61.18933333333334
2018-09-11 00:00:00,73.43466666666667
2018-09-11 00:30:00,88.41933333333334
2018-09-11 01:00:00,78.16483333333333
2018-09-11 01:30:00,88.12283333333333
2018-09-11 02:00:00,97.45383333333332
2018-09-11 02:30:00,92.45633333333336
2018-09-11 03:00:00,81.60816666666666
2018-09-11 03:30:00,74.03099999999999
2018-09-11 04:00:00,91.22183333333334
2018-09-11 04:30:00,100.82800000000002
2018-09-11 05:00:00,102.07833333333332
2018-09-11 05:30:00,101.50983333333332
2018-09-11 06:00:00,109.60566666666664
2018-09-11 06:30:00,110.76666666666668
2018-09-11 07:00:00,111.40016666666668
2018-09-11 07:30:00,111.67733333333332
2018-09-11 08:00:00,108.28316666666666
2018-09-11 08:30:00,104.02766666666666
2018-09-11 09:00:00,101.7325
2018-09-11 09:30:00,99.60583333333334
2018-09-11 10:00:00,99.1395
2018-09-11 10:30:00,104.94433333333332
2018-09-11 11:00:00,103.945
2018-09-11 11:30:00,106.31316666666667
2018-09-11 12:00:00,105.02916666666668
2018-09-11 12:30:00,103.36683333333332
2018-09-11 13:00:00,105.20016666666665
2018-09-11 13:30:00,103.54533333333336
2018-09-11 14:00:00,102.89066666666668
2018-09-11 14:30:00,104.36116666666663
2018-09-11 15:00:00,107.007
2018-09-11 15:30:00,110.895
2018-09-11 16:00:00,109.69283333333334
2018-09-11 16:30:00,107.17183333333334
2018-09-11 17:00:00,107.89933333333336
2018-09-11 17:30:00,108.01599999999998
2018-09-11 18:00:00,106.1985
2018-09-11 18:30:00,95.09916666666668
2018-09-11 19:00:00,95.3935
2018-09-11 19:30:00,101.73683333333334
2018-09-11 20:00:00,107.8145
2018-09-11 20:30:00,109.68366666666668
2018-09-11 21:00:00,111.28366666666666
2018-09-11 21:30:00,111.46866666666666
2018-09-11 22:00:00,110.878
2018-09-11 22:30:00,110.824
2018-09-11 23:00:00,111.08616666666668
2018-09-11 23:30:00,109.39616666666666
2018-09-12 00:00:00,91.64016666666669
2018-09-12 00:30:00,106.81416666666668
2018-09-12 01:00:00,94.64433333333334
2018-09-12 01:30:00,77.76583333333333
2018-09-12 02:00:00,82.02333333333333
2018-09-12 02:30:00,87.73816666666669
2018-09-12 03:00:00,94.14183333333334
2018-09-12 03:30:00,102.129
2018-09-12 04:00:00,105.53249999999998
2018-09-12 04:30:00,105.99683333333336
2018-09-12 05:00:00,96.6525
2018-09-12 05:30:00,76.48
2018-09-12 06:00:00,75.588
2018-09-12 06:30:00,95.66083333333334
2018-09-12 07:00:00,96.29066666666664
2018-09-12 07:30:00,78.07566666666666
2018-09-12 08:00:00,70.51350000000001
2018-09-12 08:30:00,73.7555
2018-09-12 09:00:00,89.221
2018-09-12 09:30:00,89.59116666666667
2018-09-12 10:00:00,93.80216666666668
2018-09-12 10:30:00,98.29683333333332
2018-09-12 11:00:00,95.17616666666667
2018-09-12 11:30:00,95.43216666666666
2018-09-12 12:00:00,98.20233333333334
2018-09-12 12:30:00,91.062
2018-09-12 13:00:00,87.82549999999999
2018-09-12 13:30:00,82.9185
2018-09-12 14:00:00,73.61900000000001
2018-09-12 14:30:00,82.92866666666667
2018-09-12 15:00:00,72.86266666666667
2018-09-12 15:30:00,74.36900000000001
2018-09-12 16:00:00,46.386
2018-09-12 16:30:00,71.50233333333334
2018-09-12 17:00:00,57.5705
2018-09-12 17:30:00,62.2815
2018-09-12 18:00:00,47.33916666666666
2018-09-12 18:30:00,51.9455
2018-09-12 19:00:00,33.20016666666667
2018-09-12 19:30:00,16.680666666666667
2018-09-12 20:00:00,23.366666666666664
2018-09-12 20:30:00,22.36433333333333
2018-09-12 21:00:00,32.004999999999995
2018-09-12 21:30:00,27.282166666666665
2018-09-12 22:00:00,26.6805
2018-09-12 22:30:00,33.40533333333334
2018-09-12 23:00:00,31.671333333333337
2018-09-12 23:30:00,50.079
2018-09-13 00:00:00,56.146166666666666
2018-09-13 00:30:00,47.77866666666667
2018-09-13 01:00:00,40.72083333333334
2018-09-13 01:30:00,41.29916666666667
2018-09-13 02:00:00,48.34983333333334
2018-09-13 02:30:00,52.9025
2018-09-13 03:00:00,52.307500000000005
2018-09-13 03:30:00,50.371833333333335
2018-09-13 04:00:00,45.77700000000001
2018-09-13 04:30:00,42.19266666666667
2018-09-13 05:00:00,37.60066666666666
2018-09-13 05:30:00,47.2945
2018-09-13 06:00:00,64.60516666666666
2018-09-13 06:30:00,58.58916666666667
2018-09-13 07:00:00,47.758
2018-09-13 07:30:00,50.48283333333334
2018-09-13 08:00:00,45.498333333333335
2018-09-13 08:30:00,34.0705
2018-09-13 09:00:00,34.011
2018-09-13 09:30:00,49.1185
2018-09-13 10:00:00,38.53716666666666
2018-09-13 10:30:00,33.538666666666664
2018-09-13 11:00:00,20.977166666666665
2018-09-13 11:30:00,16.665333333333333
2018-09-13 12:00:00,16.139166666666664
2018-09-13 12:30:00,18.47133333333333
2018-09-13 13:00:00,27.236166666666666
2018-09-13 13:30:00,28.37816666666667
2018-09-13 14:00:00,37.29433333333333
2018-09-13 14:30:00,41.97566666666667
2018-09-13 15:00:00,38.27366666666666
2018-09-13 15:30:00,46.0495
2018-09-13 16:00:00,44.73383333333334
2018-09-13 16:30:00,47.50033333333334
2018-09-13 17:00:00,41.27633333333333
2018-09-13 17:30:00,42.0085
2018-09-13 18:00:00,34.46833333333333
2018-09-13 18:30:00,19.78383333333333
2018-09-13 19:00:00,19.669166666666666
2018-09-13 19:30:00,15.970166666666666
2018-09-13 20:00:00,19.47833333333333
2018-09-13 20:30:00,29.635
2018-09-13 21:00:00,36.24433333333334
2018-09-13 21:30:00,43.175
2018-09-13 22:00:00,47.23866666666667
2018-09-13 22:30:00,58.293000000000006
2018-09-13 23:00:00,80.40583333333333
2018-09-13 23:30:00,84.21333333333332
2018-09-14 00:00:00,95.6435
2018-09-14 00:30:00,102.275
2018-09-14 01:00:00,110.66133333333332
2018-09-14 01:30:00,112.41116666666666
2018-09-14 02:00:00,112.7665
2018-09-14 02:30:00,113.483
2018-09-14 03:00:00,113.45083333333332
2018-09-14 03:30:00,113.6275
2018-09-14 04:00:00,113.72983333333332
2018-09-14 04:30:00,113.81233333333334
2018-09-14 05:00:00,113.92266666666669
2018-09-14 05:30:00,113.8505
2018-09-14 06:00:00,113.68483333333334
2018-09-14 06:30:00,113.7345
2018-09-14 07:00:00,113.935
2018-09-14 07:30:00,113.34783333333333
2018-09-14 08:00:00,112.46383333333333
2018-09-14 08:30:00,111.1405
2018-09-14 09:00:00,106.7325
2018-09-14 09:30:00,105.634
2018-09-14 10:00:00,105.67966666666666
2018-09-14 10:30:00,105.6865
2018-09-14 11:00:00,104.69233333333334
2018-09-14 11:30:00,101.48183333333331
2018-09-14 12:00:00,101.84333333333332
2018-09-14 12:30:00,99.63083333333334
2018-09-14 13:00:00,100.75666666666666
2018-09-14 13:30:00,98.64733333333332
2018-09-14 14:00:00,103.13266666666668
2018-09-14 14:30:00,101.506
2018-09-14 15:00:00,102.807
2018-09-14 15:30:00,104.87533333333334
2018-09-14 16:00:00,103.10066666666664
2018-09-14 16:30:00,99.637
2018-09-14 17:00:00,100.7875
2018-09-14 17:30:00,96.38766666666668
2018-09-14 18:00:00,84.77866666666667
2018-09-14 18:30:00,81.81250000000001
2018-09-14 19:00:00,79.34816666666666
2018-09-14 19:30:00,87.31166666666667
2018-09-14 20:00:00,100.66283333333335
2018-09-14 20:30:00,108.28183333333334
2018-09-14 21:00:00,109.463
2018-09-14 21:30:00,111.83116666666666
2018-09-14 22:00:00,111.76483333333334
2018-09-14 22:30:00,113.34283333333332
2018-09-14 23:00:00,113.52316666666668
2018-09-14 23:30:00,113.4645
2018-09-15 00:00:00,113.58316666666668
2018-09-15 00:30:00,113.64733333333332
2018-09-15 01:00:00,113.78216666666668
2018-09-15 01:30:00,113.46433333333334
2018-09-15 02:00:00,75.57783333333334
2018-09-15 02:30:00,-0.3915
2018-09-15 03:00:00,56.69050000000001
2018-09-15 03:30:00,68.97033333333333
2018-09-15 04:00:00,12.478
2018-09-15 04:30:00,47.902
2018-09-15 05:00:00,31.54283333333333
2018-09-15 05:30:00,59.29733333333333
2018-09-15 06:00:00,77.47949999999999
2018-09-15 06:30:00,71.235
2018-09-15 07:00:00,90.26
2018-09-15 07:30:00,110.05383333333334
2018-09-15 08:00:00,110.86933333333332
2018-09-15 08:30:00,111.05433333333332
2018-09-15 09:00:00,110.77683333333334
2018-09-15 09:30:00,109.06483333333334
2018-09-15 10:00:00,110.82083333333333
2018-09-15 10:30:00,112.815
2018-09-15 11:00:00,108.13116666666666
2018-09-15 11:30:00,106.1475
2018-09-15 12:00:00,107.782
2018-09-15 12:30:00,95.023
2018-09-15 13:00:00,107.14916666666666
2018-09-15 13:30:00,103.0545
2018-09-15 14:00:00,99.5445
2018-09-15 14:30:00,104.30933333333331
2018-09-15 15:00:00,66.79483333333333
2018-09-15 15:30:00,88.9835
2018-09-15 16:00:00,110.4135
2018-09-15 16:30:00,110.69483333333334
2018-09-15 17:00:00,111.50583333333334
2018-09-15 17:30:00,107.56566666666669
2018-09-15 18:00:00,105.64633333333332
2018-09-15 18:30:00,82.3265
2018-09-15 19:00:00,69.72583333333333
2018-09-15 19:30:00,93.4995
2018-09-15 20:00:00,75.51966666666667
2018-09-15 20:30:00,35.347166666666666
2018-09-15 21:00:00,46.25
2018-09-15 21:30:00,65.12283333333333
2018-09-15 22:00:00,59.6045
2018-09-15 22:30:00,74.788
2018-09-15 23:00:00,46.018
2018-09-15 23:30:00,72.6065
2018-09-16 00:00:00,73.60883333333332
2018-09-16 00:30:00,80.152
2018-09-16 01:00:00,81.42833333333333
2018-09-16 01:30:00,84.1545
2018-09-16 02:00:00,71.39666666666666
2018-09-16 02:30:00,75.58266666666667
2018-09-16 03:00:00,79.741
2018-09-16 03:30:00,67.048
2018-09-16 04:00:00,69.73416666666667
2018-09-16 04:30:00,82.00183333333332
2018-09-16 05:00:00,68.32866666666666
2018-09-16 05:30:00,39.81249999999999
2018-09-16 06:00:00,45.033
2018-09-16 06:30:00,47.62200000000001
2018-09-16 07:00:00,59.537
2018-09-16 07:30:00,40.71833333333333
2018-09-16 08:00:00,36.5125
2018-09-16 08:30:00,28.697000000000003
2018-09-16 09:00:00,27.064833333333336
2018-09-16 09:30:00,31.800500000000003
2018-09-16 10:00:00,32.226166666666664
2018-09-16 10:30:00,29.911666666666665
2018-09-16 11:00:00,37.810833333333335
2018-09-16 11:30:00,35.939
2018-09-16 12:00:00,18.47383333333333
2018-09-16 12:30:00,39.57683333333333
2018-09-16 13:00:00,27.769333333333336
2018-09-16 13:30:00,17.363000000000003
2018-09-16 14:00:00,38.22816666666667
2018-09-16 14:30:00,34.804833333333335
2018-09-16 15:00:00,38.04616666666666
2018-09-16 15:30:00,26.803166666666662
2018-09-16 16:00:00,12.081333333333331
2018-09-16 16:30:00,21.712666666666667
2018-09-16 17:00:00,4.458333333333333
2018-09-16 17:30:00,4.857166666666667
2018-09-16 18:00:00,3.057166666666667
2018-09-16 18:30:00,7.643
2018-09-16 19:00:00,5.297
2018-09-16 19:30:00,11.6675
2018-09-16 20:00:00,17.632666666666665
2018-09-16 20:30:00,16.419500000000003
2018-09-16 21:00:00,21.302833333333336
2018-09-16 21:30:00,29.172333333333334
2018-09-16 22:00:00,33.930166666666665
2018-09-16 22:30:00,27.784166666666664
2018-09-16 23:00:00,30.93383333333333
2018-09-16 23:30:00,24.683000000000003
2018-09-17 00:00:00,30.98933333333333
2018-09-17 00:30:00,36.531666666666666
2018-09-17 01:00:00,40.1125
2018-09-17 01:30:00,41.98533333333333
2018-09-17 02:00:00,37.27433333333334
2018-09-17 02:30:00,34.94383333333333
2018-09-17 03:00:00,44.09483333333333
2018-09-17 03:30:00,40.064166666666665
2018-09-17 04:00:00,39.432833333333335
2018-09-17 04:30:00,41.7545
2018-09-17 05:00:00,52.14600000000001
2018-09-17 05:30:00,57.87733333333333
2018-09-17 06:00:00,58.11183333333333
2018-09-17 06:30:00,65.51766666666667
2018-09-17 07:00:00,83.70883333333332
2018-09-17 07:30:00,89.11800000000001
2018-09-17 08:00:00,84.55716666666666
2018-09-17 08:30:00,76.22566666666667
2018-09-17 09:00:00,74.02783333333333
2018-09-17 09:30:00,81.51766666666667
2018-09-17 10:00:00,93.55983333333334
2018-09-17 10:30:00,99.18866666666668
2018-09-17 11:00:00,100.40283333333332
2018-09-17 11:30:00,102.3495
2018-09-17 12:00:00,105.21116666666666
2018-09-17 12:30:00,106.00666666666666
2018-09-17 13:00:00,100.96816666666666
2018-09-17 13:30:00,96.286
2018-09-17 14:00:00,96.51483333333334
2018-09-17 14:30:00,99.59266666666667
2018-09-17 15:00:00,98.36
2018-09-17 15:30:00,101.19083333333332
2018-09-17 16:00:00,96.0445
2018-09-17 16:30:00,93.53133333333336
2018-09-17 17:00:00,99.38133333333332
2018-09-17 17:30:00,87.52283333333334
2018-09-17 18:00:00,69.20383333333334
2018-09-17 18:30:00,57.395833333333336
2018-09-17 19:00:00,54.05783333333333
2018-09-17 19:30:00,47.784333333333336
2018-09-17 20:00:00,58.26416666666666
2018-09-17 20:30:00,81.2245
2018-09-17 21:00:00,98.40633333333334
2018-09-17 21:30:00,109.37516666666669
2018-09-17 22:00:00,112.67433333333332
2018-09-17 22:30:00,113.47266666666668
2018-09-17 23:00:00,113.46616666666668
2018-09-17 23:30:00,113.37
2018-09-18 00:00:00,113.52083333333331
2018-09-18 00:30:00,113.49683333333331
2018-09-18 01:00:00,113.61633333333332
2018-09-18 01:30:00,113.6015
2018-09-18 02:00:00,113.60566666666668
2018-09-18 02:30:00,113.73283333333332
2018-09-18 03:00:00,113.7935
2018-09-18 03:30:00,113.8455
2018-09-18 04:00:00,113.98066666666666
2018-09-18 04:30:00,113.7275
2018-09-18 05:00:00,113.7565
2018-09-18 05:30:00,113.844
2018-09-18 06:00:00,113.7955
2018-09-18 06:30:00,113.7385
2018-09-18 07:00:00,113.6255
2018-09-18 07:30:00,113.90783333333331
2018-09-18 08:00:00,113.311
2018-09-18 08:30:00,110.23016666666666
2018-09-18 09:00:00,109.28933333333336
2018-09-18 09:30:00,105.93516666666666
2018-09-18 10:00:00,105.09583333333336
2018-09-18 10:30:00,104.60333333333334
2018-09-18 11:00:00,105.57866666666668
2018-09-18 11:30:00,105.09333333333332
2018-09-18 12:00:00,101.53416666666668
2018-09-18 12:30:00,86.54966666666667
2018-09-18 13:00:00,79.09416666666667
2018-09-18 13:30:00,83.93700000000001
2018-09-18 14:00:00,83.37400000000001
2018-09-18 14:30:00,71.21650000000001
2018-09-18 15:00:00,76.52783333333333
2018-09-18 15:30:00,86.21516666666666
2018-09-18 16:00:00,96.61516666666668
2018-09-18 16:30:00,82.608
2018-09-18 17:00:00,80.552
2018-09-18 17:30:00,73.70083333333334
2018-09-18 18:00:00,47.90866666666667
2018-09-18 18:30:00,49.98233333333334
2018-09-18 19:00:00,64.5065
2018-09-18 19:30:00,63.07483333333334
2018-09-18 20:00:00,56.24616666666666
2018-09-18 20:30:00,48.38016666666667
2018-09-18 21:00:00,53.38833333333333
2018-09-18 21:30:00,61.7075
2018-09-18 22:00:00,45.06716666666667
2018-09-18 22:30:00,56.71633333333333
2018-09-18 23:00:00,56.634166666666665
2018-09-18 23:30:00,59.33233333333333
2018-09-19 00:00:00,43.02533333333334
2018-09-19 00:30:00,43.7985
2018-09-19 01:00:00,39.1385
2018-09-19 01:30:00,45.54366666666667
2018-09-19 02:00:00,47.10883333333334
2018-09-19 02:30:00,42.6615
2018-09-19 03:00:00,59.22016666666667
2018-09-19 03:30:00,79.56166666666667
2018-09-19 04:00:00,71.73266666666666
2018-09-19 04:30:00,71.54383333333334
2018-09-19 05:00:00,78.60066666666667
2018-09-19 05:30:00,69.84416666666667
2018-09-19 06:00:00,67.01483333333333
2018-09-19 06:30:00,71.52283333333332
2018-09-19 07:00:00,88.4405
2018-09-19 07:30:00,104.79033333333332
2018-09-19 08:00:00,85.97283333333333
2018-09-19 08:30:00,62.2265
2018-09-19 09:00:00,49.478166666666674
2018-09-19 09:30:00,54.3205
2018-09-19 10:00:00,59.55733333333333
2018-09-19 10:30:00,50.1325
2018-09-19 11:00:00,53.78266666666666
2018-09-19 11:30:00,56.56066666666667
2018-09-19 12:00:00,48.18883333333333
2018-09-19 12:30:00,56.12799999999999
2018-09-19 13:00:00,35.91016666666666
2018-09-19 13:30:00,26.126166666666663
2018-09-19 14:00:00,21.2385
2018-09-19 14:30:00,46.078833333333336
2018-09-19 15:00:00,40.78566666666666
2018-09-19 15:30:00,30.566333333333333
2018-09-19 16:00:00,13.0665
2018-09-19 16:30:00,10.986666666666666
2018-09-19 17:00:00,30.49566666666667
2018-09-19 17:30:00,30.052833333333336
2018-09-19 18:00:00,16.266833333333334
2018-09-19 18:30:00,11.326499999999998
2018-09-19 19:00:00,9.111666666666666
2018-09-19 19:30:00,9.068166666666668
2018-09-19 20:00:00,9.878833333333333
2018-09-19 20:30:00,11.473666666666666
2018-09-19 21:00:00,9.507166666666668
2018-09-19 21:30:00,9.9445
2018-09-19 22:00:00,13.4465
2018-09-19 22:30:00,9.638833333333332
2018-09-19 23:00:00,7.842
2018-09-19 23:30:00,14.620833333333335
2018-09-20 00:00:00,16.672666666666665
2018-09-20 00:30:00,17.805333333333333
2018-09-20 01:00:00,20.0155
2018-09-20 01:30:00,17.026166666666665
2018-09-20 02:00:00,22.72366666666667
2018-09-20 02:30:00,29.554500000000004
2018-09-20 03:00:00,28.272833333333335
2018-09-20 03:30:00,33.29816666666667
2018-09-20 04:00:00,38.64383333333333
2018-09-20 04:30:00,43.13633333333333
2018-09-20 05:00:00,49.6575
2018-09-20 05:30:00,46.346833333333336
2018-09-20 06:00:00,46.759833333333326
2018-09-20 06:30:00,46.52866666666667
2018-09-20 07:00:00,47.778
2018-09-20 07:30:00,38.68866666666667
2018-09-20 08:00:00,26.850833333333338
2018-09-20 08:30:00,14.211166666666667
2018-09-20 09:00:00,9.3265
2018-09-20 09:30:00,15.1545
2018-09-20 10:00:00,14.9315
2018-09-20 10:30:00,20.0255
2018-09-20 11:00:00,18.362166666666667
2018-09-20 11:30:00,22.6885
2018-09-20 12:00:00,21.63966666666667
2018-09-20 12:30:00,25.341
2018-09-20 13:00:00,27.05666666666667
2018-09-20 13:30:00,26.685166666666664
2018-09-20 14:00:00,31.35183333333333
2018-09-20 14:30:00,32.615833333333335
2018-09-20 15:00:00,36.861
2018-09-20 15:30:00,32.440666666666665
2018-09-20 16:00:00,32.93216666666667
2018-09-20 16:30:00,26.80183333333333
2018-09-20 17:00:00,33.46816666666666
2018-09-20 17:30:00,20.425833333333333
2018-09-20 18:00:00,21.464166666666667
2018-09-20 18:30:00,14.857166666666666
2018-09-20 19:00:00,19.65866666666667
2018-09-20 19:30:00,18.422166666666666
2018-09-20 20:00:00,11.2985
2018-09-20 20:30:00,8.0545
2018-09-20 21:00:00,8.837833333333334
2018-09-20 21:30:00,6.432666666666666
2018-09-20 22:00:00,2.032833333333333
2018-09-20 22:30:00,0.2881666666666667
2018-09-20 23:00:00,1.3745
2018-09-20 23:30:00,2.1761666666666666
2018-09-21 00:00:00,1.6251666666666666
2018-09-21 00:30:00,2.0378333333333334
2018-09-21 01:00:00,4.5835
2018-09-21 01:30:00,8.098833333333333
2018-09-21 02:00:00,9.3095
2018-09-21 02:30:00,11.684333333333337
2018-09-21 03:00:00,9.503666666666668
2018-09-21 03:30:00,10.978333333333332
2018-09-21 04:00:00,15.176833333333333
2018-09-21 04:30:00,20.554166666666667
2018-09-21 05:00:00,22.85483333333333
2018-09-21 05:30:00,28.273000000000007
2018-09-21 06:00:00,35.3535
2018-09-21 06:30:00,29.9755
2018-09-21 07:00:00,14.591666666666669
2018-09-21 07:30:00,12.883000000000004
2018-09-21 08:00:00,19.023
2018-09-21 08:30:00,23.417166666666663
2018-09-21 09:00:00,32.5625
2018-09-21 09:30:00,37.01933333333333
2018-09-21 10:00:00,18.3275
2018-09-21 10:30:00,26.316000000000003
2018-09-21 11:00:00,24.227000000000004
2018-09-21 11:30:00,26.964
2018-09-21 12:00:00,32.57083333333333
2018-09-21 12:30:00,31.01683333333333
2018-09-21 13:00:00,31.831
2018-09-21 13:30:00,35.741
2018-09-21 14:00:00,24.536500000000004
2018-09-21 14:30:00,25.86566666666667
2018-09-21 15:00:00,25.500333333333334
2018-09-21 15:30:00,28.47066666666667
2018-09-21 16:00:00,23.7555
2018-09-21 16:30:00,16.753833333333333
2018-09-21 17:00:00,10.179166666666664
2018-09-21 17:30:00,8.199
2018-09-21 18:00:00,8.112166666666667
2018-09-21 18:30:00,6.352833333333334
2018-09-21 19:00:00,8.742833333333333
2018-09-21 19:30:00,6.015999999999999
2018-09-21 20:00:00,5.362000000000001
2018-09-21 20:30:00,11.729
2018-09-21 21:00:00,16.776833333333332
2018-09-21 21:30:00,15.310333333333334
2018-09-21 22:00:00,2.783166666666667
2018-09-21 22:30:00,-0.2526666666666666
2018-09-21 23:00:00,-0.2591666666666666
2018-09-21 23:30:00,-0.2308333333333333
2018-09-22 00:00:00,-0.2169999999999999
2018-09-22 00:30:00,-0.2259999999999999
2018-09-22 01:00:00,-0.2029999999999999
2018-09-22 01:30:00,-0.2781666666666666
2018-09-22 02:00:00,-0.2563333333333333
2018-09-22 02:30:00,0.1201666666666666
2018-09-22 03:00:00,1.8938333333333333
2018-09-22 03:30:00,1.2748333333333333
2018-09-22 04:00:00,0.6986666666666667
2018-09-22 04:30:00,1.954
2018-09-22 05:00:00,4.804833333333334
2018-09-22 05:30:00,4.492999999999999
2018-09-22 06:00:00,6.542166666666667
2018-09-22 06:30:00,10.591833333333334
2018-09-22 07:00:00,11.544833333333331
2018-09-22 07:30:00,10.4595
2018-09-22 08:00:00,15.8045
2018-09-22 08:30:00,14.389333333333331
2018-09-22 09:00:00,13.149500000000002
2018-09-22 09:30:00,11.081666666666663
2018-09-22 10:00:00,12.244166666666665
2018-09-22 10:30:00,20.275
2018-09-22 11:00:00,32.924
2018-09-22 11:30:00,43.01333333333333
2018-09-22 12:00:00,49.29816666666667
2018-09-22 12:30:00,69.16266666666667
2018-09-22 13:00:00,68.30149999999999
2018-09-22 13:30:00,49.648833333333336
2018-09-22 14:00:00,42.17849999999999
2018-09-22 14:30:00,42.320166666666665
2018-09-22 15:00:00,41.80083333333334
2018-09-22 15:30:00,40.12616666666667
2018-09-22 16:00:00,40.91166666666667
2018-09-22 16:30:00,40.501666666666665
2018-09-22 17:00:00,35.42883333333333
2018-09-22 17:30:00,33.15183333333333
2018-09-22 18:00:00,36.87233333333334
2018-09-22 18:30:00,13.732
2018-09-22 19:00:00,4.997166666666668
2018-09-22 19:30:00,6.788333333333334
2018-09-22 20:00:00,5.369666666666667
2018-09-22 20:30:00,7.267
2018-09-22 21:00:00,7.925833333333333
2018-09-22 21:30:00,3.757666666666667
2018-09-22 22:00:00,2.5278333333333336
2018-09-22 22:30:00,4.696833333333333
2018-09-22 23:00:00,6.308000000000001
2018-09-22 23:30:00,5.719
2018-09-23 00:00:00,9.507666666666667
2018-09-23 00:30:00,15.777499999999998
2018-09-23 01:00:00,19.6715
2018-09-23 01:30:00,23.039500000000004
2018-09-23 02:00:00,27.06716666666667
2018-09-23 02:30:00,24.856
2018-09-23 03:00:00,19.736
2018-09-23 03:30:00,10.003333333333332
2018-09-23 04:00:00,6.357
2018-09-23 04:30:00,4.924833333333333
2018-09-23 05:00:00,5.805000000000001
2018-09-23 05:30:00,7.127833333333332
2018-09-23 06:00:00,5.838666666666666
2018-09-23 06:30:00,8.745333333333333
2018-09-23 07:00:00,13.174166666666665
2018-09-23 07:30:00,8.685333333333332
2018-09-23 08:00:00,10.492
2018-09-23 08:30:00,11.408
2018-09-23 09:00:00,20.96483333333333
2018-09-23 09:30:00,28.124333333333336
2018-09-23 10:00:00,19.9295
2018-09-23 10:30:00,21.06083333333333
2018-09-23 11:00:00,25.8745
2018-09-23 11:30:00,16.464333333333332
2018-09-23 12:00:00,44.63583333333333
2018-09-23 12:30:00,36.21833333333333
2018-09-23 13:00:00,23.398
2018-09-23 13:30:00,33.72716666666666
2018-09-23 14:00:00,28.4415
2018-09-23 14:30:00,21.395
2018-09-23 15:00:00,19.087333333333333
2018-09-23 15:30:00,34.766
2018-09-23 16:00:00,20.818
2018-09-23 16:30:00,34.70466666666667
2018-09-23 17:00:00,40.46033333333333
2018-09-23 17:30:00,31.754666666666665
2018-09-23 18:00:00,30.71066666666667
2018-09-23 18:30:00,25.946666666666665
2018-09-23 19:00:00,22.60333333333333
2018-09-23 19:30:00,24.79433333333333
2018-09-23 20:00:00,36.474
2018-09-23 20:30:00,42.57066666666667
2018-09-23 21:00:00,38.649166666666666
2018-09-23 21:30:00,31.996333333333336
2018-09-23 22:00:00,55.3665
2018-09-23 22:30:00,34.26616666666666
2018-09-23 23:00:00,30.593833333333336
2018-09-23 23:30:00,27.942666666666668
2018-09-24 00:00:00,34.554166666666674
2018-09-24 00:30:00,33.105666666666664
2018-09-24 01:00:00,32.702666666666666
2018-09-24 01:30:00,27.14933333333333
2018-09-24 02:00:00,26.4855
2018-09-24 02:30:00,27.262833333333333
2018-09-24 03:00:00,35.11116666666667
2018-09-24 03:30:00,35.541000000000004
2018-09-24 04:00:00,43.18966666666666
2018-09-24 04:30:00,44.816
2018-09-24 05:00:00,40.22316666666666
2018-09-24 05:30:00,28.23483333333333
2018-09-24 06:00:00,25.730500000000003
2018-09-24 06:30:00,19.01233333333333
2018-09-24 07:00:00,17.514833333333332
2018-09-24 07:30:00,16.031166666666667
2018-09-24 08:00:00,10.487166666666669
2018-09-24 08:30:00,6.410666666666667
2018-09-24 09:00:00,18.815
2018-09-24 09:30:00,44.27966666666666
2018-09-24 10:00:00,35.843666666666664
2018-09-24 10:30:00,30.27333333333333
2018-09-24 11:00:00,23.94816666666667
2018-09-24 11:30:00,23.5725
2018-09-24 12:00:00,24.459166666666665
2018-09-24 12:30:00,29.63833333333333
2018-09-24 13:00:00,36.089333333333336
2018-09-24 13:30:00,36.89966666666667
2018-09-24 14:00:00,27.71783333333333
2018-09-24 14:30:00,43.440666666666665
2018-09-24 15:00:00,37.7595
2018-09-24 15:30:00,34.82983333333333
2018-09-24 16:00:00,34.23316666666667
2018-09-24 16:30:00,31.261666666666667
2018-09-24 17:00:00,42.265166666666666
2018-09-24 17:30:00,35.92516666666667
2018-09-24 18:00:00,31.2495
2018-09-24 18:30:00,35.01316666666667
2018-09-24 19:00:00,31.34416666666667
2018-09-24 19:30:00,33.65716666666667
2018-09-24 20:00:00,17.767666666666667
2018-09-24 20:30:00,13.055333333333332
2018-09-24 21:00:00,12.004666666666663
2018-09-24 21:30:00,9.056666666666668
2018-09-24 22:00:00,6.167666666666666
2018-09-24 22:30:00,6.727833333333334
2018-09-24 23:00:00,8.174166666666665
2018-09-24 23:30:00,7.326
2018-09-25 00:00:00,7.648833333333333
2018-09-25 00:30:00,6.0
2018-09-25 01:00:00,6.4128333333333325
2018-09-25 01:30:00,7.608666666666668
2018-09-25 02:00:00,7.056166666666667
2018-09-25 02:30:00,7.0601666666666665
2018-09-25 03:00:00,7.8425
2018-09-25 03:30:00,7.0325
2018-09-25 04:00:00,6.760000000000001
2018-09-25 04:30:00,5.65
2018-09-25 05:00:00,7.704166666666666
2018-09-25 05:30:00,7.959499999999999
2018-09-25 06:00:00,4.368166666666666
2018-09-25 06:30:00,2.299
2018-09-25 07:00:00,4.216
2018-09-25 07:30:00,6.682500000000001
2018-09-25 08:00:00,6.532666666666667
2018-09-25 08:30:00,4.858833333333333
2018-09-25 09:00:00,6.3935
2018-09-25 09:30:00,10.303333333333333
2018-09-25 10:00:00,10.388166666666669
2018-09-25 10:30:00,14.966666666666669
2018-09-25 11:00:00,7.654333333333334
2018-09-25 11:30:00,5.62
2018-09-25 12:00:00,3.6216666666666666
2018-09-25 12:30:00,6.912333333333334
2018-09-25 13:00:00,7.755833333333332
2018-09-25 13:30:00,16.416666666666668
2018-09-25 14:00:00,23.535
2018-09-25 14:30:00,23.61133333333333
2018-09-25 15:00:00,17.783666666666665
2018-09-25 15:30:00,18.90383333333333
2018-09-25 16:00:00,27.216333333333328
2018-09-25 16:30:00,28.58033333333333
2018-09-25 17:00:00,26.30733333333333
2018-09-25 17:30:00,26.507
2018-09-25 18:00:00,20.09233333333333
2018-09-25 18:30:00,27.96183333333333
2018-09-25 19:00:00,27.709666666666664
2018-09-25 19:30:00,36.254333333333335
2018-09-25 20:00:00,40.264
2018-09-25 20:30:00,34.586666666666666
2018-09-25 21:00:00,22.632500000000004
2018-09-25 21:30:00,16.9585
2018-09-25 22:00:00,14.958
2018-09-25 22:30:00,14.380166666666668
2018-09-25 23:00:00,11.5725
2018-09-25 23:30:00,7.771666666666667
2018-09-26 00:00:00,8.82
2018-09-26 00:30:00,12.129
2018-09-26 01:00:00,17.829333333333334
2018-09-26 01:30:00,14.814333333333332
2018-09-26 02:00:00,11.308
2018-09-26 02:30:00,15.515333333333333
2018-09-26 03:00:00,14.148666666666667
2018-09-26 03:30:00,12.857666666666669
2018-09-26 04:00:00,19.229333333333333
2018-09-26 04:30:00,21.1975
2018-09-26 05:00:00,27.395666666666667
2018-09-26 05:30:00,52.96983333333333
2018-09-26 06:00:00,49.11900000000001
2018-09-26 06:30:00,41.61266666666666
2018-09-26 07:00:00,51.395
2018-09-26 07:30:00,42.07633333333333
2018-09-26 08:00:00,32.18183333333334
2018-09-26 08:30:00,27.663833333333333
2018-09-26 09:00:00,26.593166666666665
2018-09-26 09:30:00,32.38833333333333
2018-09-26 10:00:00,29.459166666666672
2018-09-26 10:30:00,22.19583333333333
2018-09-26 11:00:00,18.689333333333337
2018-09-26 11:30:00,16.736666666666665
2018-09-26 12:00:00,10.874000000000002
2018-09-26 12:30:00,6.2571666666666665
2018-09-26 13:00:00,6.145500000000001
2018-09-26 13:30:00,3.833833333333333
2018-09-26 14:00:00,5.617333333333335
2018-09-26 14:30:00,5.778833333333334
2018-09-26 15:00:00,6.790166666666667
2018-09-26 15:30:00,13.423500000000002
2018-09-26 16:00:00,18.1445
2018-09-26 16:30:00,25.52416666666667
2018-09-26 17:00:00,27.447333333333336
2018-09-26 17:30:00,16.386
2018-09-26 18:00:00,13.540166666666666
2018-09-26 18:30:00,17.654833333333332
2018-09-26 19:00:00,17.30516666666667
2018-09-26 19:30:00,21.38666666666667
2018-09-26 20:00:00,30.79116666666667
2018-09-26 20:30:00,30.38833333333333
2018-09-26 21:00:00,29.094166666666663
2018-09-26 21:30:00,23.8505
2018-09-26 22:00:00,24.77983333333333
2018-09-26 22:30:00,33.416666666666664
2018-09-26 23:00:00,20.91166666666667
2018-09-26 23:30:00,13.7065
2018-09-27 00:00:00,28.423666666666666
2018-09-27 00:30:00,47.35666666666666
2018-09-27 01:00:00,59.85583333333333
2018-09-27 01:30:00,78.49033333333334
2018-09-27 02:00:00,106.24666666666668
2018-09-27 02:30:00,113.01516666666669
2018-09-27 03:00:00,111.9425
2018-09-27 03:30:00,104.53933333333336
2018-09-27 04:00:00,109.26133333333333
2018-09-27 04:30:00,110.07633333333337
2018-09-27 05:00:00,111.14783333333332
2018-09-27 05:30:00,113.01066666666668
2018-09-27 06:00:00,113.45683333333334
2018-09-27 06:30:00,113.42766666666668
2018-09-27 07:00:00,113.06033333333332
2018-09-27 07:30:00,112.94
2018-09-27 08:00:00,109.82066666666668
2018-09-27 08:30:00,105.31916666666667
2018-09-27 09:00:00,102.04616666666668
2018-09-27 09:30:00,103.94883333333333
2018-09-27 10:00:00,105.99766666666665
2018-09-27 10:30:00,106.89966666666665
2018-09-27 11:00:00,104.29266666666668
2018-09-27 11:30:00,99.70383333333332
2018-09-27 12:00:00,94.52183333333336
2018-09-27 12:30:00,86.78250000000001
2018-09-27 13:00:00,74.9045
2018-09-27 13:30:00,85.9855
2018-09-27 14:00:00,84.26316666666666
2018-09-27 14:30:00,46.87966666666666
2018-09-27 15:00:00,44.39283333333333
2018-09-27 15:30:00,49.94366666666667
2018-09-27 16:00:00,39.16233333333333
2018-09-27 16:30:00,38.33316666666666
2018-09-27 17:00:00,57.44483333333334
2018-09-27 17:30:00,60.25116666666667
2018-09-27 18:00:00,34.53116666666667
2018-09-27 18:30:00,37.10016666666667
2018-09-27 19:00:00,35.02483333333333
2018-09-27 19:30:00,25.06716666666667
2018-09-27 20:00:00,21.77733333333333
2018-09-27 20:30:00,20.642166666666668
2018-09-27 21:00:00,17.313666666666666
2018-09-27 21:30:00,10.737833333333334
2018-09-27 22:00:00,2.8913333333333338
2018-09-27 22:30:00,0.5748333333333334
2018-09-27 23:00:00,3.3325
2018-09-27 23:30:00,2.778833333333333
2018-09-28 00:00:00,7.2455
2018-09-28 00:30:00,8.591
2018-09-28 01:00:00,30.663666666666668
2018-09-28 01:30:00,43.85699999999999
2018-09-28 02:00:00,37.18
2018-09-28 02:30:00,28.593
2018-09-28 03:00:00,44.06216666666666
2018-09-28 03:30:00,57.435833333333335
2018-09-28 04:00:00,54.04599999999999
2018-09-28 04:30:00,69.51716666666668
2018-09-28 05:00:00,52.6645
2018-09-28 05:30:00,53.5025
2018-09-28 06:00:00,61.797666666666665
2018-09-28 06:30:00,50.0585
2018-09-28 07:00:00,48.635
2018-09-28 07:30:00,46.553666666666665
2018-09-28 08:00:00,43.27733333333334
2018-09-28 08:30:00,39.80083333333334
2018-09-28 09:00:00,38.00233333333333
2018-09-28 09:30:00,23.2255
2018-09-28 10:00:00,18.44783333333333
2018-09-28 10:30:00,22.01483333333333
2018-09-28 11:00:00,43.366666666666674
2018-09-28 11:30:00,48.9915
2018-09-28 12:00:00,36.873
2018-09-28 12:30:00,81.84716666666667
2018-09-28 13:00:00,63.178
2018-09-28 13:30:00,33.987
2018-09-28 14:00:00,12.345666666666666
2018-09-28 14:30:00,33.1105
2018-09-28 15:00:00,39.478333333333325
2018-09-28 15:30:00,30.561333333333334
2018-09-28 16:00:00,6.419
2018-09-28 16:30:00,5.500666666666668
2018-09-28 17:00:00,62.35049999999999
2018-09-28 17:30:00,64.41483333333333
2018-09-28 18:00:00,33.321333333333335
2018-09-28 18:30:00,14.8335
2018-09-28 19:00:00,28.557500000000005
2018-09-28 19:30:00,18.281333333333336
2018-09-28 20:00:00,57.42116666666666
2018-09-28 20:30:00,40.83050000000001
2018-09-28 21:00:00,40.652
2018-09-28 21:30:00,39.081
2018-09-28 22:00:00,38.47966666666667
2018-09-28 22:30:00,63.296
2018-09-28 23:00:00,52.63316666666666
2018-09-28 23:30:00,53.30833333333333
2018-09-29 00:00:00,74.26216666666666
2018-09-29 00:30:00,48.513
2018-09-29 01:00:00,68.5685
2018-09-29 01:30:00,63.06416666666666
2018-09-29 02:00:00,54.51283333333333
2018-09-29 02:30:00,53.56466666666668
2018-09-29 03:00:00,55.88150000000001
2018-09-29 03:30:00,42.4295
2018-09-29 04:00:00,38.004
2018-09-29 04:30:00,43.47866666666667
2018-09-29 05:00:00,37.1475
2018-09-29 05:30:00,22.549166666666668
2018-09-29 06:00:00,23.066
2018-09-29 06:30:00,31.1965
2018-09-29 07:00:00,36.97683333333333
2018-09-29 07:30:00,28.066666666666663
2018-09-29 08:00:00,17.162666666666667
2018-09-29 08:30:00,17.767166666666665
2018-09-29 09:00:00,18.161
2018-09-29 09:30:00,28.06866666666667
2018-09-29 10:00:00,24.09
2018-09-29 10:30:00,23.352833333333333
2018-09-29 11:00:00,22.18166666666667
2018-09-29 11:30:00,34.11533333333334
2018-09-29 12:00:00,34.72366666666667
2018-09-29 12:30:00,39.4955
2018-09-29 13:00:00,37.21733333333333
2018-09-29 13:30:00,50.82316666666666
2018-09-29 14:00:00,48.47266666666667
2018-09-29 14:30:00,40.14183333333333
2018-09-29 15:00:00,47.37983333333333
2018-09-29 15:30:00,59.90566666666667
2018-09-29 16:00:00,46.56883333333334
2018-09-29 16:30:00,22.76683333333333
2018-09-29 17:00:00,22.9995
2018-09-29 17:30:00,23.951666666666668
2018-09-29 18:00:00,14.456833333333336
2018-09-29 18:30:00,8.0805
2018-09-29 19:00:00,5.624
2018-09-29 19:30:00,7.313
2018-09-29 20:00:00,5.602166666666666
2018-09-29 20:30:00,8.494000000000002
2018-09-29 21:00:00,13.048333333333332
2018-09-29 21:30:00,18.285500000000003
2018-09-29 22:00:00,7.469833333333335
2018-09-29 22:30:00,7.590333333333334
2018-09-29 23:00:00,12.5955
2018-09-29 23:30:00,10.367166666666668
2018-09-30 00:00:00,6.581666666666667
2018-09-30 00:30:00,7.919333333333334
2018-09-30 01:00:00,7.217833333333334
2018-09-30 01:30:00,8.720666666666666
2018-09-30 02:00:00,9.110333333333331
2018-09-30 02:30:00,11.103333333333332
2018-09-30 03:00:00,7.879666666666668
2018-09-30 03:30:00,4.766333333333334
2018-09-30 04:00:00,3.8121666666666663
2018-09-30 04:30:00,1.3135
2018-09-30 05:00:00,-0.0696666666666666
2018-09-30 05:30:00,0.9143333333333334
2018-09-30 06:00:00,4.171333333333334
2018-09-30 06:30:00,3.7485
2018-09-30 07:00:00,3.1655
2018-09-30 07:30:00,3.1185
2018-09-30 08:00:00,0.3376666666666667
2018-09-30 08:30:00,-0.2973333333333333
2018-09-30 09:00:00,0.2106666666666666
2018-09-30 09:30:00,1.3548333333333331
2018-09-30 10:00:00,0.7543333333333334
2018-09-30 10:30:00,-0.142
2018-09-30 11:00:00,-0.1886666666666666
2018-09-30 11:30:00,-0.0655
2018-09-30 12:00:00,-0.2079999999999999
2018-09-30 12:30:00,-0.1906666666666666
2018-09-30 13:00:00,-0.1861666666666666
2018-09-30 13:30:00,-0.1881666666666666
2018-09-30 14:00:00,-0.1854999999999999
2018-09-30 14:30:00,-0.1985
2018-09-30 15:00:00,-0.1815
2018-09-30 15:30:00,-0.1704999999999999
2018-09-30 16:00:00,-0.2383333333333333
2018-09-30 16:30:00,-0.2508333333333333
2018-09-30 17:00:00,-0.199
2018-09-30 17:30:00,0.2176666666666666
2018-09-30 18:00:00,3.2311666666666667
2018-09-30 18:30:00,7.129833333333333
2018-09-30 19:00:00,14.131333333333332
2018-09-30 19:30:00,17.498833333333337
2018-09-30 20:00:00,16.4865
2018-09-30 20:30:00,14.319833333333335
2018-09-30 21:00:00,14.226
2018-09-30 21:30:00,20.47833333333333
2018-09-30 22:00:00,23.328666666666667
2018-09-30 22:30:00,48.57533333333333
2018-09-30 23:00:00,46.15266666666667
2018-09-30 23:30:00,40.4755
