,Out-Dez
2018-12-01 00:00:00,0.318
2018-12-01 00:30:00,3.515833333333333
2018-12-01 01:00:00,8.481833333333334
2018-12-01 01:30:00,12.359333333333332
2018-12-01 02:00:00,11.551666666666668
2018-12-01 02:30:00,9.053666666666668
2018-12-01 03:00:00,8.693833333333332
2018-12-01 03:30:00,12.3965
2018-12-01 04:00:00,18.30666666666667
2018-12-01 04:30:00,22.874
2018-12-01 05:00:00,30.918666666666667
2018-12-01 05:30:00,55.64383333333334
2018-12-01 06:00:00,87.18850000000002
2018-12-01 06:30:00,98.40633333333334
2018-12-01 07:00:00,96.13
2018-12-01 07:30:00,79.21066666666665
2018-12-01 08:00:00,90.82016666666668
2018-12-01 08:30:00,88.85333333333334
2018-12-01 09:00:00,75.32383333333333
2018-12-01 09:30:00,73.08266666666667
2018-12-01 10:00:00,80.0145
2018-12-01 10:30:00,86.75916666666667
2018-12-01 11:00:00,98.228
2018-12-01 11:30:00,107.04366666666664
2018-12-01 12:00:00,109.34983333333334
2018-12-01 12:30:00,110.66716666666666
2018-12-01 13:00:00,111.1975
2018-12-01 13:30:00,112.42983333333336
2018-12-01 14:00:00,112.60566666666664
2018-12-01 14:30:00,112.9935
2018-12-01 15:00:00,111.04783333333334
2018-12-01 15:30:00,111.563
2018-12-01 16:00:00,111.81166666666668
2018-12-01 16:30:00,111.10116666666666
2018-12-01 17:00:00,112.968
2018-12-01 17:30:00,111.99233333333332
2018-12-01 18:00:00,112.60583333333334
2018-12-01 18:30:00,112.55833333333334
2018-12-01 19:00:00,111.871
2018-12-01 19:30:00,111.73616666666663
2018-12-01 20:00:00,90.67416666666666
2018-12-01 20:30:00,41.44283333333333
2018-12-01 21:00:00,6.496166666666667
2018-12-01 21:30:00,-0.4243333333333334
2018-12-01 22:00:00,6.5735
2018-12-01 22:30:00,-0.0215
2018-12-01 23:00:00,-0.2075
2018-12-01 23:30:00,8.274666666666667
2018-12-02 00:00:00,17.7275
2018-12-02 00:30:00,15.000666666666666
2018-12-02 01:00:00,59.59183333333333
2018-12-02 01:30:00,106.0885
2018-12-02 02:00:00,104.93966666666668
2018-12-02 02:30:00,99.69883333333333
2018-12-02 03:00:00,95.4325
2018-12-02 03:30:00,100.9295
2018-12-02 04:00:00,108.29783333333334
2018-12-02 04:30:00,108.08
2018-12-02 05:00:00,104.48666666666666
2018-12-02 05:30:00,106.56733333333334
2018-12-02 06:00:00,107.76816666666666
2018-12-02 06:30:00,70.41
2018-12-02 07:00:00,74.87883333333333
2018-12-02 07:30:00,75.56616666666666
2018-12-02 08:00:00,64.415
2018-12-02 08:30:00,88.36283333333334
2018-12-02 09:00:00,100.11316666666666
2018-12-02 09:30:00,100.29716666666668
2018-12-02 10:00:00,94.88633333333333
2018-12-02 10:30:00,107.68383333333334
2018-12-02 11:00:00,102.14733333333334
2018-12-02 11:30:00,101.23916666666666
2018-12-02 12:00:00,100.32266666666668
2018-12-02 12:30:00,106.02416666666666
2018-12-02 13:00:00,105.39883333333334
2018-12-02 13:30:00,104.322
2018-12-02 14:00:00,109.66616666666664
2018-12-02 14:30:00,107.15833333333336
2018-12-02 15:00:00,107.588
2018-12-02 15:30:00,97.485
2018-12-02 16:00:00,79.28133333333334
2018-12-02 16:30:00,107.63466666666666
2018-12-02 17:00:00,104.43316666666664
2018-12-02 17:30:00,107.7495
2018-12-02 18:00:00,107.5685
2018-12-02 18:30:00,95.01583333333332
2018-12-02 19:00:00,63.97283333333334
2018-12-02 19:30:00,69.39133333333332
2018-12-02 20:00:00,61.67000000000001
2018-12-02 20:30:00,41.665
2018-12-02 21:00:00,48.57150000000001
2018-12-02 21:30:00,71.30316666666667
2018-12-02 22:00:00,90.16266666666664
2018-12-02 22:30:00,96.22666666666667
2018-12-02 23:00:00,103.244
2018-12-02 23:30:00,101.40766666666669
2018-12-03 00:00:00,101.2495
2018-12-03 00:30:00,107.52783333333332
2018-12-03 01:00:00,108.399
2018-12-03 01:30:00,107.95616666666666
2018-12-03 02:00:00,106.488
2018-12-03 02:30:00,106.19583333333334
2018-12-03 03:00:00,104.96983333333334
2018-12-03 03:30:00,101.40083333333332
2018-12-03 04:00:00,98.23916666666666
2018-12-03 04:30:00,100.80866666666668
2018-12-03 05:00:00,102.76966666666664
2018-12-03 05:30:00,100.48
2018-12-03 06:00:00,106.06433333333332
2018-12-03 06:30:00,109.25433333333332
2018-12-03 07:00:00,110.016
2018-12-03 07:30:00,106.77833333333332
2018-12-03 08:00:00,104.75116666666666
2018-12-03 08:30:00,107.50633333333332
2018-12-03 09:00:00,105.995
2018-12-03 09:30:00,108.13383333333331
2018-12-03 10:00:00,108.3105
2018-12-03 10:30:00,108.64366666666666
2018-12-03 11:00:00,109.3305
2018-12-03 11:30:00,110.21983333333333
2018-12-03 12:00:00,110.98616666666668
2018-12-03 12:30:00,109.43683333333333
2018-12-03 13:00:00,109.18166666666669
2018-12-03 13:30:00,111.104
2018-12-03 14:00:00,111.25416666666668
2018-12-03 14:30:00,113.04083333333334
2018-12-03 15:00:00,113.27533333333332
2018-12-03 15:30:00,112.00133333333332
2018-12-03 16:00:00,109.80983333333332
2018-12-03 16:30:00,106.62
2018-12-03 17:00:00,106.78633333333336
2018-12-03 17:30:00,104.17066666666666
2018-12-03 18:00:00,107.34266666666666
2018-12-03 18:30:00,82.41133333333333
2018-12-03 19:00:00,87.82683333333334
2018-12-03 19:30:00,77.24783333333333
2018-12-03 20:00:00,75.664
2018-12-03 20:30:00,58.43633333333333
2018-12-03 21:00:00,48.91583333333333
2018-12-03 21:30:00,85.78133333333334
2018-12-03 22:00:00,94.2245
2018-12-03 22:30:00,79.62766666666667
2018-12-03 23:00:00,78.08766666666666
2018-12-03 23:30:00,73.34266666666666
2018-12-04 00:00:00,62.2695
2018-12-04 00:30:00,54.05233333333334
2018-12-04 01:00:00,80.893
2018-12-04 01:30:00,74.88916666666665
2018-12-04 02:00:00,69.48433333333334
2018-12-04 02:30:00,40.3265
2018-12-04 03:00:00,54.766333333333336
2018-12-04 03:30:00,33.56966666666667
2018-12-04 04:00:00,27.050500000000003
2018-12-04 04:30:00,32.101333333333336
2018-12-04 05:00:00,22.587666666666667
2018-12-04 05:30:00,18.381666666666664
2018-12-04 06:00:00,11.532166666666669
2018-12-04 06:30:00,6.316666666666666
2018-12-04 07:00:00,4.829
2018-12-04 07:30:00,5.953166666666667
2018-12-04 08:00:00,4.723833333333333
2018-12-04 08:30:00,4.597333333333333
2018-12-04 09:00:00,4.8535
2018-12-04 09:30:00,5.672999999999999
2018-12-04 10:00:00,3.5788333333333333
2018-12-04 10:30:00,3.0700000000000003
2018-12-04 11:00:00,1.096833333333333
2018-12-04 11:30:00,2.6933333333333334
2018-12-04 12:00:00,5.319
2018-12-04 12:30:00,5.445833333333333
2018-12-04 13:00:00,10.0085
2018-12-04 13:30:00,8.4345
2018-12-04 14:00:00,12.282666666666664
2018-12-04 14:30:00,6.794
2018-12-04 15:00:00,10.137166666666666
2018-12-04 15:30:00,8.110666666666667
2018-12-04 16:00:00,3.9751666666666665
2018-12-04 16:30:00,2.577833333333333
2018-12-04 17:00:00,4.301333333333333
2018-12-04 17:30:00,6.521333333333334
2018-12-04 18:00:00,12.3205
2018-12-04 18:30:00,15.400166666666667
2018-12-04 19:00:00,14.360666666666669
2018-12-04 19:30:00,13.395
2018-12-04 20:00:00,18.84583333333333
2018-12-04 20:30:00,22.094833333333337
2018-12-04 21:00:00,20.28233333333333
2018-12-04 21:30:00,16.595833333333335
2018-12-04 22:00:00,9.827833333333334
2018-12-04 22:30:00,15.724666666666666
2018-12-04 23:00:00,12.350499999999998
2018-12-04 23:30:00,8.573500000000001
2018-12-05 00:00:00,12.4705
2018-12-05 00:30:00,14.964833333333331
2018-12-05 01:00:00,11.832833333333332
2018-12-05 01:30:00,10.780833333333334
2018-12-05 02:00:00,5.451999999999999
2018-12-05 02:30:00,4.387666666666667
2018-12-05 03:00:00,6.017833333333333
2018-12-05 03:30:00,7.184333333333334
2018-12-05 04:00:00,9.428666666666668
2018-12-05 04:30:00,12.234166666666669
2018-12-05 05:00:00,17.100666666666665
2018-12-05 05:30:00,23.876166666666663
2018-12-05 06:00:00,22.992
2018-12-05 06:30:00,23.785833333333333
2018-12-05 07:00:00,31.3235
2018-12-05 07:30:00,30.253500000000003
2018-12-05 08:00:00,30.96483333333333
2018-12-05 08:30:00,28.745500000000003
2018-12-05 09:00:00,27.81533333333333
2018-12-05 09:30:00,21.72883333333333
2018-12-05 10:00:00,15.056333333333331
2018-12-05 10:30:00,10.804
2018-12-05 11:00:00,9.879333333333332
2018-12-05 11:30:00,7.744666666666667
2018-12-05 12:00:00,8.557333333333334
2018-12-05 12:30:00,7.990666666666667
2018-12-05 13:00:00,12.268833333333331
2018-12-05 13:30:00,16.623333333333335
2018-12-05 14:00:00,29.526666666666667
2018-12-05 14:30:00,41.39866666666666
2018-12-05 15:00:00,53.4295
2018-12-05 15:30:00,55.51933333333333
2018-12-05 16:00:00,49.872166666666665
2018-12-05 16:30:00,50.42783333333333
2018-12-05 17:00:00,42.74216666666666
2018-12-05 17:30:00,38.10833333333333
2018-12-05 18:00:00,37.54333333333333
2018-12-05 18:30:00,30.757666666666665
2018-12-05 19:00:00,28.235666666666663
2018-12-05 19:30:00,27.533
2018-12-05 20:00:00,28.74766666666667
2018-12-05 20:30:00,26.808000000000003
2018-12-05 21:00:00,30.47733333333333
2018-12-05 21:30:00,33.56516666666667
2018-12-05 22:00:00,49.13966666666667
2018-12-05 22:30:00,50.59183333333333
2018-12-05 23:00:00,59.1525
2018-12-05 23:30:00,56.3795
2018-12-06 00:00:00,50.13766666666667
2018-12-06 00:30:00,51.001
2018-12-06 01:00:00,42.94533333333333
2018-12-06 01:30:00,39.331833333333336
2018-12-06 02:00:00,25.46633333333333
2018-12-06 02:30:00,26.978
2018-12-06 03:00:00,27.350333333333328
2018-12-06 03:30:00,27.656666666666663
2018-12-06 04:00:00,27.587666666666667
2018-12-06 04:30:00,31.2445
2018-12-06 05:00:00,32.171
2018-12-06 05:30:00,29.664666666666665
2018-12-06 06:00:00,55.675
2018-12-06 06:30:00,55.64516666666666
2018-12-06 07:00:00,63.97966666666667
2018-12-06 07:30:00,87.30966666666666
2018-12-06 08:00:00,81.72500000000001
2018-12-06 08:30:00,85.818
2018-12-06 09:00:00,76.69
2018-12-06 09:30:00,62.72016666666667
2018-12-06 10:00:00,66.9635
2018-12-06 10:30:00,61.9535
2018-12-06 11:00:00,61.27016666666666
2018-12-06 11:30:00,70.1075
2018-12-06 12:00:00,70.843
2018-12-06 12:30:00,54.3845
2018-12-06 13:00:00,53.584333333333326
2018-12-06 13:30:00,43.084
2018-12-06 14:00:00,41.493
2018-12-06 14:30:00,41.2445
2018-12-06 15:00:00,45.68983333333333
2018-12-06 15:30:00,47.69816666666666
2018-12-06 16:00:00,35.7775
2018-12-06 16:30:00,33.811166666666665
2018-12-06 17:00:00,38.34516666666666
2018-12-06 17:30:00,26.33516666666667
2018-12-06 18:00:00,27.492666666666665
2018-12-06 18:30:00,13.901666666666667
2018-12-06 19:00:00,11.616
2018-12-06 19:30:00,11.892166666666666
2018-12-06 20:00:00,19.082833333333337
2018-12-06 20:30:00,23.119333333333334
2018-12-06 21:00:00,41.61666666666667
2018-12-06 21:30:00,42.51333333333334
2018-12-06 22:00:00,60.45683333333333
2018-12-06 22:30:00,80.88416666666667
2018-12-06 23:00:00,100.42383333333332
2018-12-06 23:30:00,101.698
2018-12-07 00:00:00,100.57683333333334
2018-12-07 00:30:00,103.08100000000002
2018-12-07 01:00:00,106.86166666666666
2018-12-07 01:30:00,107.42616666666667
2018-12-07 02:00:00,105.9335
2018-12-07 02:30:00,103.76633333333336
2018-12-07 03:00:00,108.15166666666669
2018-12-07 03:30:00,110.08
2018-12-07 04:00:00,110.02116666666667
2018-12-07 04:30:00,110.34366666666666
2018-12-07 05:00:00,110.35666666666668
2018-12-07 05:30:00,111.5435
2018-12-07 06:00:00,111.966
2018-12-07 06:30:00,112.0535
2018-12-07 07:00:00,112.09516666666669
2018-12-07 07:30:00,108.21983333333333
2018-12-07 08:00:00,106.438
2018-12-07 08:30:00,106.9225
2018-12-07 09:00:00,110.47433333333332
2018-12-07 09:30:00,111.719
2018-12-07 10:00:00,111.562
2018-12-07 10:30:00,110.56716666666664
2018-12-07 11:00:00,108.14
2018-12-07 11:30:00,105.91016666666668
2018-12-07 12:00:00,108.15183333333334
2018-12-07 12:30:00,104.82516666666668
2018-12-07 13:00:00,101.75066666666667
2018-12-07 13:30:00,94.50983333333332
2018-12-07 14:00:00,81.02350000000001
2018-12-07 14:30:00,97.12416666666668
2018-12-07 15:00:00,98.803
2018-12-07 15:30:00,91.992
2018-12-07 16:00:00,71.35516666666666
2018-12-07 16:30:00,78.26899999999999
2018-12-07 17:00:00,87.45216666666666
2018-12-07 17:30:00,40.88216666666667
2018-12-07 18:00:00,29.68016666666667
2018-12-07 18:30:00,47.0925
2018-12-07 19:00:00,40.73166666666666
2018-12-07 19:30:00,20.876666666666665
2018-12-07 20:00:00,26.49733333333333
2018-12-07 20:30:00,4.981166666666667
2018-12-07 21:00:00,0.6289999999999998
2018-12-07 21:30:00,18.54583333333333
2018-12-07 22:00:00,2.83
2018-12-07 22:30:00,17.965833333333332
2018-12-07 23:00:00,4.3015
2018-12-07 23:30:00,0.1404999999999999
2018-12-08 00:00:00,-0.1511666666666666
2018-12-08 00:30:00,0.6831666666666667
2018-12-08 01:00:00,0.6858333333333334
2018-12-08 01:30:00,2.8708333333333336
2018-12-08 02:00:00,3.213833333333333
2018-12-08 02:30:00,14.170166666666663
2018-12-08 03:00:00,37.584500000000006
2018-12-08 03:30:00,49.29333333333333
2018-12-08 04:00:00,56.37616666666667
2018-12-08 04:30:00,82.75066666666667
2018-12-08 05:00:00,48.470333333333336
2018-12-08 05:30:00,25.0085
2018-12-08 06:00:00,14.7665
2018-12-08 06:30:00,6.123499999999999
2018-12-08 07:00:00,-0.1018333333333333
2018-12-08 07:30:00,-0.3118333333333333
2018-12-08 08:00:00,-0.306
2018-12-08 08:30:00,-0.2798333333333333
2018-12-08 09:00:00,-0.2258333333333333
2018-12-08 09:30:00,-0.2091666666666666
2018-12-08 10:00:00,-0.2123333333333333
2018-12-08 10:30:00,0.6651666666666668
2018-12-08 11:00:00,-0.2576666666666666
2018-12-08 11:30:00,0.6725
2018-12-08 12:00:00,0.7048333333333332
2018-12-08 12:30:00,-0.2324999999999999
2018-12-08 13:00:00,-0.0334999999999999
2018-12-08 13:30:00,-0.1443333333333333
2018-12-08 14:00:00,-0.1765
2018-12-08 14:30:00,5.9725
2018-12-08 15:00:00,34.408
2018-12-08 15:30:00,42.2475
2018-12-08 16:00:00,40.64083333333334
2018-12-08 16:30:00,34.278000000000006
2018-12-08 17:00:00,17.038
2018-12-08 17:30:00,31.288
2018-12-08 18:00:00,28.724499999999995
2018-12-08 18:30:00,39.645
2018-12-08 19:00:00,25.10033333333334
2018-12-08 19:30:00,13.804166666666667
2018-12-08 20:00:00,4.7058333333333335
2018-12-08 20:30:00,7.1066666666666665
2018-12-08 21:00:00,4.194166666666667
2018-12-08 21:30:00,9.184
2018-12-08 22:00:00,10.251333333333337
2018-12-08 22:30:00,13.765666666666666
2018-12-08 23:00:00,14.388166666666669
2018-12-08 23:30:00,12.079666666666666
2018-12-09 00:00:00,6.978999999999999
2018-12-09 00:30:00,8.794500000000001
2018-12-09 01:00:00,12.367166666666668
2018-12-09 01:30:00,13.4215
2018-12-09 02:00:00,15.608833333333331
2018-12-09 02:30:00,14.194333333333336
2018-12-09 03:00:00,12.067166666666663
2018-12-09 03:30:00,18.509666666666664
2018-12-09 04:00:00,19.83633333333333
2018-12-09 04:30:00,21.20433333333333
2018-12-09 05:00:00,13.9575
2018-12-09 05:30:00,17.62483333333333
2018-12-09 06:00:00,22.272666666666662
2018-12-09 06:30:00,31.145666666666667
2018-12-09 07:00:00,28.823166666666665
2018-12-09 07:30:00,30.359
2018-12-09 08:00:00,23.618666666666662
2018-12-09 08:30:00,18.06116666666667
2018-12-09 09:00:00,18.95583333333333
2018-12-09 09:30:00,19.835500000000003
2018-12-09 10:00:00,17.228166666666667
2018-12-09 10:30:00,17.627833333333335
2018-12-09 11:00:00,14.73
2018-12-09 11:30:00,14.652166666666666
2018-12-09 12:00:00,14.699666666666667
2018-12-09 12:30:00,13.613833333333332
2018-12-09 13:00:00,18.063666666666663
2018-12-09 13:30:00,24.86766666666667
2018-12-09 14:00:00,29.57116666666667
2018-12-09 14:30:00,28.187
2018-12-09 15:00:00,30.319500000000005
2018-12-09 15:30:00,21.36883333333333
2018-12-09 16:00:00,15.127
2018-12-09 16:30:00,12.03283333333333
2018-12-09 17:00:00,9.738666666666663
2018-12-09 17:30:00,16.628
2018-12-09 18:00:00,18.347
2018-12-09 18:30:00,9.883
2018-12-09 19:00:00,8.901833333333332
2018-12-09 19:30:00,9.781333333333333
2018-12-09 20:00:00,19.25933333333333
2018-12-09 20:30:00,11.000833333333333
2018-12-09 21:00:00,12.491
2018-12-09 21:30:00,11.926666666666668
2018-12-09 22:00:00,7.677166666666666
2018-12-09 22:30:00,9.541
2018-12-09 23:00:00,11.234666666666667
2018-12-09 23:30:00,13.356166666666669
2018-12-10 00:00:00,6.8871666666666655
2018-12-10 00:30:00,4.045166666666666
2018-12-10 01:00:00,0.463
2018-12-10 01:30:00,1.7198333333333335
2018-12-10 02:00:00,1.0835
2018-12-10 02:30:00,0.2263333333333333
2018-12-10 03:00:00,-0.3531666666666666
2018-12-10 03:30:00,-0.2316666666666666
2018-12-10 04:00:00,-0.2163333333333333
2018-12-10 04:30:00,-0.1871666666666666
2018-12-10 05:00:00,-0.1488333333333333
2018-12-10 05:30:00,-0.2491666666666666
2018-12-10 06:00:00,0.6338333333333334
2018-12-10 06:30:00,0.2451666666666666
2018-12-10 07:00:00,0.3381666666666666
2018-12-10 07:30:00,1.897
2018-12-10 08:00:00,1.551333333333333
2018-12-10 08:30:00,0.6900000000000001
2018-12-10 09:00:00,2.2015
2018-12-10 09:30:00,0.6781666666666667
2018-12-10 10:00:00,0.3661666666666667
2018-12-10 10:30:00,0.2056666666666666
2018-12-10 11:00:00,0.7608333333333334
2018-12-10 11:30:00,1.3023333333333331
2018-12-10 12:00:00,1.0333333333333332
2018-12-10 12:30:00,1.5598333333333334
2018-12-10 13:00:00,3.050333333333333
2018-12-10 13:30:00,5.8845
2018-12-10 14:00:00,30.58933333333333
2018-12-10 14:30:00,29.87266666666666
2018-12-10 15:00:00,34.774166666666666
2018-12-10 15:30:00,38.760333333333335
2018-12-10 16:00:00,36.22566666666666
2018-12-10 16:30:00,35.07583333333333
2018-12-10 17:00:00,37.65733333333333
2018-12-10 17:30:00,37.009166666666665
2018-12-10 18:00:00,37.456
2018-12-10 18:30:00,39.867
2018-12-10 19:00:00,38.874500000000005
2018-12-10 19:30:00,35.055166666666665
2018-12-10 20:00:00,29.3195
2018-12-10 20:30:00,23.839
2018-12-10 21:00:00,23.987666666666662
2018-12-10 21:30:00,22.63833333333333
2018-12-10 22:00:00,25.20816666666667
2018-12-10 22:30:00,15.384
2018-12-10 23:00:00,12.3215
2018-12-10 23:30:00,10.4245
2018-12-11 00:00:00,16.43166666666667
2018-12-11 00:30:00,21.029
2018-12-11 01:00:00,23.27733333333333
2018-12-11 01:30:00,26.079166666666666
2018-12-11 02:00:00,25.4035
2018-12-11 02:30:00,22.637
2018-12-11 03:00:00,21.559166666666663
2018-12-11 03:30:00,25.25783333333333
2018-12-11 04:00:00,21.270666666666667
2018-12-11 04:30:00,19.253833333333333
2018-12-11 05:00:00,17.823666666666668
2018-12-11 05:30:00,17.283333333333335
2018-12-11 06:00:00,18.735
2018-12-11 06:30:00,26.66333333333333
2018-12-11 07:00:00,30.570833333333336
2018-12-11 07:30:00,24.804
2018-12-11 08:00:00,24.70133333333333
2018-12-11 08:30:00,22.011166666666668
2018-12-11 09:00:00,13.455666666666666
2018-12-11 09:30:00,15.534833333333331
2018-12-11 10:00:00,12.582333333333333
2018-12-11 10:30:00,17.044833333333333
2018-12-11 11:00:00,16.864166666666666
2018-12-11 11:30:00,18.579
2018-12-11 12:00:00,12.3715
2018-12-11 12:30:00,13.855166666666667
2018-12-11 13:00:00,13.1945
2018-12-11 13:30:00,13.737333333333332
2018-12-11 14:00:00,16.05666666666667
2018-12-11 14:30:00,22.861166666666676
2018-12-11 15:00:00,24.523
2018-12-11 15:30:00,33.4525
2018-12-11 16:00:00,43.6975
2018-12-11 16:30:00,39.7655
2018-12-11 17:00:00,34.10166666666667
2018-12-11 17:30:00,39.16516666666667
2018-12-11 18:00:00,52.14866666666668
2018-12-11 18:30:00,48.3575
2018-12-11 19:00:00,37.78300000000001
2018-12-11 19:30:00,31.701333333333327
2018-12-11 20:00:00,26.109333333333336
2018-12-11 20:30:00,14.044666666666666
2018-12-11 21:00:00,12.439333333333332
2018-12-11 21:30:00,12.384499999999996
2018-12-11 22:00:00,13.738333333333337
2018-12-11 22:30:00,9.333333333333334
2018-12-11 23:00:00,14.800333333333333
2018-12-11 23:30:00,27.041333333333338
2018-12-12 00:00:00,29.716666666666665
2018-12-12 00:30:00,32.59133333333333
2018-12-12 01:00:00,23.900166666666667
2018-12-12 01:30:00,21.53
2018-12-12 02:00:00,22.07133333333333
2018-12-12 02:30:00,31.793166666666668
2018-12-12 03:00:00,27.48633333333333
2018-12-12 03:30:00,36.598333333333336
2018-12-12 04:00:00,37.804
2018-12-12 04:30:00,40.93366666666667
2018-12-12 05:00:00,45.273500000000006
2018-12-12 05:30:00,40.70883333333333
2018-12-12 06:00:00,79.34933333333335
2018-12-12 06:30:00,86.399
2018-12-12 07:00:00,87.86633333333333
2018-12-12 07:30:00,78.40216666666667
2018-12-12 08:00:00,67.18400000000001
2018-12-12 08:30:00,74.0575
2018-12-12 09:00:00,80.89983333333333
2018-12-12 09:30:00,88.30533333333334
2018-12-12 10:00:00,83.41983333333333
2018-12-12 10:30:00,81.337
2018-12-12 11:00:00,75.2875
2018-12-12 11:30:00,60.72316666666666
2018-12-12 12:00:00,43.79433333333333
2018-12-12 12:30:00,28.800166666666662
2018-12-12 13:00:00,18.437
2018-12-12 13:30:00,19.64766666666667
2018-12-12 14:00:00,19.21383333333333
2018-12-12 14:30:00,23.135
2018-12-12 15:00:00,17.401666666666667
2018-12-12 15:30:00,12.762
2018-12-12 16:00:00,23.8185
2018-12-12 16:30:00,27.393833333333337
2018-12-12 17:00:00,42.21083333333333
2018-12-12 17:30:00,110.07316666666668
2018-12-12 18:00:00,111.03083333333332
2018-12-12 18:30:00,86.06716666666667
2018-12-12 19:00:00,80.961
2018-12-12 19:30:00,104.31616666666667
2018-12-12 20:00:00,55.30016666666666
2018-12-12 20:30:00,3.0211666666666672
2018-12-12 21:00:00,15.304333333333332
2018-12-12 21:30:00,25.05483333333333
2018-12-12 22:00:00,24.1045
2018-12-12 22:30:00,79.25466666666667
2018-12-12 23:00:00,68.78566666666667
2018-12-12 23:30:00,46.14066666666668
2018-12-13 00:00:00,54.494
2018-12-13 00:30:00,56.10116666666667
2018-12-13 01:00:00,40.28433333333333
2018-12-13 01:30:00,29.99466666666667
2018-12-13 02:00:00,20.506666666666664
2018-12-13 02:30:00,22.28933333333333
2018-12-13 03:00:00,21.12783333333333
2018-12-13 03:30:00,56.84816666666666
2018-12-13 04:00:00,56.955666666666666
2018-12-13 04:30:00,39.331833333333336
2018-12-13 05:00:00,49.221833333333336
2018-12-13 05:30:00,25.81866666666667
2018-12-13 06:00:00,9.996833333333331
2018-12-13 06:30:00,5.4695
2018-12-13 07:00:00,6.914833333333334
2018-12-13 07:30:00,7.4076666666666675
2018-12-13 08:00:00,5.316
2018-12-13 08:30:00,4.48
2018-12-13 09:00:00,3.067833333333333
2018-12-13 09:30:00,2.471
2018-12-13 10:00:00,1.2365000000000002
2018-12-13 10:30:00,4.850666666666666
2018-12-13 11:00:00,6.646333333333334
2018-12-13 11:30:00,35.36266666666666
2018-12-13 12:00:00,19.642166666666668
2018-12-13 12:30:00,23.52716666666667
2018-12-13 13:00:00,13.298833333333334
2018-12-13 13:30:00,14.03716666666667
2018-12-13 14:00:00,10.750333333333332
2018-12-13 14:30:00,9.882333333333332
2018-12-13 15:00:00,27.691333333333333
2018-12-13 15:30:00,50.44233333333333
2018-12-13 16:00:00,65.7825
2018-12-13 16:30:00,36.09566666666667
2018-12-13 17:00:00,29.69633333333333
2018-12-13 17:30:00,36.02333333333333
2018-12-13 18:00:00,34.57683333333333
2018-12-13 18:30:00,24.7235
2018-12-13 19:00:00,13.5605
2018-12-13 19:30:00,5.360666666666667
2018-12-13 20:00:00,10.955166666666663
2018-12-13 20:30:00,7.098166666666667
2018-12-13 21:00:00,4.618666666666666
2018-12-13 21:30:00,12.043666666666669
2018-12-13 22:00:00,9.121833333333331
2018-12-13 22:30:00,2.016833333333333
2018-12-13 23:00:00,2.4035
2018-12-13 23:30:00,0.2066666666666667
2018-12-14 00:00:00,0.0446666666666666
2018-12-14 00:30:00,1.3951666666666664
2018-12-14 01:00:00,1.4685
2018-12-14 01:30:00,10.267499999999998
2018-12-14 02:00:00,16.607333333333333
2018-12-14 02:30:00,20.949333333333332
2018-12-14 03:00:00,19.81733333333333
2018-12-14 03:30:00,22.019500000000004
2018-12-14 04:00:00,21.437833333333334
2018-12-14 04:30:00,25.987166666666667
2018-12-14 05:00:00,28.352833333333333
2018-12-14 05:30:00,15.644666666666666
2018-12-14 06:00:00,8.274666666666667
2018-12-14 06:30:00,2.8976666666666677
2018-12-14 07:00:00,6.011
2018-12-14 07:30:00,18.742500000000003
2018-12-14 08:00:00,10.646
2018-12-14 08:30:00,0.0498333333333333
2018-12-14 09:00:00,9.544333333333334
2018-12-14 09:30:00,20.454166666666666
2018-12-14 10:00:00,24.586
2018-12-14 10:30:00,18.502166666666668
2018-12-14 11:00:00,20.674333333333333
2018-12-14 11:30:00,8.3055
2018-12-14 12:00:00,8.324333333333335
2018-12-14 12:30:00,1.3949999999999998
2018-12-14 13:00:00,11.280166666666666
2018-12-14 13:30:00,19.33033333333333
2018-12-14 14:00:00,25.06116666666667
2018-12-14 14:30:00,21.065166666666663
2018-12-14 15:00:00,16.421666666666667
2018-12-14 15:30:00,22.00533333333333
2018-12-14 16:00:00,39.7245
2018-12-14 16:30:00,74.18816666666667
2018-12-14 17:00:00,74.60699999999999
2018-12-14 17:30:00,55.94933333333333
2018-12-14 18:00:00,47.08683333333334
2018-12-14 18:30:00,36.5835
2018-12-14 19:00:00,19.3365
2018-12-14 19:30:00,9.647166666666667
2018-12-14 20:00:00,0.7011666666666665
2018-12-14 20:30:00,7.554499999999998
2018-12-14 21:00:00,-0.0801666666666666
2018-12-14 21:30:00,0.0423333333333333
2018-12-14 22:00:00,-0.2261666666666667
2018-12-14 22:30:00,-0.1738333333333333
2018-12-14 23:00:00,-0.1875
2018-12-14 23:30:00,-0.2234999999999999
2018-12-15 00:00:00,0.0621666666666667
2018-12-15 00:30:00,-0.1421666666666666
2018-12-15 01:00:00,0.3888333333333333
2018-12-15 01:30:00,0.1135
2018-12-15 02:00:00,0.1236666666666666
2018-12-15 02:30:00,-0.1271666666666666
2018-12-15 03:00:00,0.1723333333333333
2018-12-15 03:30:00,0.016
2018-12-15 04:00:00,0.61
2018-12-15 04:30:00,2.7343333333333333
2018-12-15 05:00:00,3.864833333333333
2018-12-15 05:30:00,0.1935
2018-12-15 06:00:00,4.074999999999999
2018-12-15 06:30:00,8.2905
2018-12-15 07:00:00,17.1745
2018-12-15 07:30:00,16.031333333333333
2018-12-15 08:00:00,8.937166666666666
2018-12-15 08:30:00,7.081166666666667
2018-12-15 09:00:00,4.285666666666667
2018-12-15 09:30:00,-0.0458333333333333
2018-12-15 10:00:00,-0.0866666666666666
2018-12-15 10:30:00,-0.012
2018-12-15 11:00:00,1.7601666666666669
2018-12-15 11:30:00,5.761833333333333
2018-12-15 12:00:00,7.499333333333333
2018-12-15 12:30:00,12.431000000000004
2018-12-15 13:00:00,28.101
2018-12-15 13:30:00,48.15616666666667
2018-12-15 14:00:00,86.88883333333332
2018-12-15 14:30:00,72.93833333333332
2018-12-15 15:00:00,45.99916666666667
2018-12-15 15:30:00,57.10033333333334
2018-12-15 16:00:00,54.834833333333336
2018-12-15 16:30:00,49.76366666666667
2018-12-15 17:00:00,44.6695
2018-12-15 17:30:00,45.5095
2018-12-15 18:00:00,37.25566666666666
2018-12-15 18:30:00,58.29466666666667
2018-12-15 19:00:00,60.3735
2018-12-15 19:30:00,45.274
2018-12-15 20:00:00,17.424166666666665
2018-12-15 20:30:00,5.4816666666666665
2018-12-15 21:00:00,0.0506666666666666
2018-12-15 21:30:00,1.0408333333333333
2018-12-15 22:00:00,4.065
2018-12-15 22:30:00,12.193
2018-12-15 23:00:00,20.015
2018-12-15 23:30:00,33.404500000000006
2018-12-16 00:00:00,28.944000000000003
2018-12-16 00:30:00,18.68283333333333
2018-12-16 01:00:00,18.404666666666667
2018-12-16 01:30:00,22.936833333333336
2018-12-16 02:00:00,26.71783333333333
2018-12-16 02:30:00,33.850500000000004
2018-12-16 03:00:00,31.683333333333334
2018-12-16 03:30:00,42.663833333333336
2018-12-16 04:00:00,33.460166666666666
2018-12-16 04:30:00,16.529500000000002
2018-12-16 05:00:00,5.471333333333334
2018-12-16 05:30:00,8.9505
2018-12-16 06:00:00,12.579166666666667
2018-12-16 06:30:00,13.307
2018-12-16 07:00:00,6.059166666666666
2018-12-16 07:30:00,2.1986666666666665
2018-12-16 08:00:00,2.8171666666666666
2018-12-16 08:30:00,8.161666666666665
2018-12-16 09:00:00,11.436333333333332
2018-12-16 09:30:00,12.618333333333334
2018-12-16 10:00:00,18.92966666666667
2018-12-16 10:30:00,19.05016666666667
2018-12-16 11:00:00,12.359
2018-12-16 11:30:00,18.4545
2018-12-16 12:00:00,12.504333333333332
2018-12-16 12:30:00,23.499
2018-12-16 13:00:00,19.110333333333333
2018-12-16 13:30:00,16.445166666666665
2018-12-16 14:00:00,15.770666666666664
2018-12-16 14:30:00,18.178833333333333
2018-12-16 15:00:00,10.588333333333331
2018-12-16 15:30:00,12.975500000000002
2018-12-16 16:00:00,8.281666666666666
2018-12-16 16:30:00,2.5743333333333336
2018-12-16 17:00:00,0.2273333333333333
2018-12-16 17:30:00,-0.2388333333333333
2018-12-16 18:00:00,-0.2288333333333333
2018-12-16 18:30:00,-0.2149999999999999
2018-12-16 19:00:00,-0.2009999999999999
2018-12-16 19:30:00,3.5071666666666665
2018-12-16 20:00:00,8.135166666666667
2018-12-16 20:30:00,7.111
2018-12-16 21:00:00,4.652166666666667
2018-12-16 21:30:00,0.8423333333333334
2018-12-16 22:00:00,3.951833333333333
2018-12-16 22:30:00,3.9003333333333328
2018-12-16 23:00:00,2.168333333333333
2018-12-16 23:30:00,0.2393333333333333
2018-12-17 00:00:00,-0.1185
2018-12-17 00:30:00,0.3453333333333333
2018-12-17 01:00:00,2.002666666666667
2018-12-17 01:30:00,10.814166666666669
2018-12-17 02:00:00,18.968
2018-12-17 02:30:00,15.097833333333334
2018-12-17 03:00:00,13.165333333333336
2018-12-17 03:30:00,19.914
2018-12-17 04:00:00,10.806333333333331
2018-12-17 04:30:00,6.041999999999999
2018-12-17 05:00:00,12.620500000000002
2018-12-17 05:30:00,9.351166666666666
2018-12-17 06:00:00,7.021666666666667
2018-12-17 06:30:00,4.324833333333333
2018-12-17 07:00:00,5.905333333333332
2018-12-17 07:30:00,2.371
2018-12-17 08:00:00,2.4153333333333333
2018-12-17 08:30:00,6.4558333333333335
2018-12-17 09:00:00,9.44
2018-12-17 09:30:00,7.667833333333333
2018-12-17 10:00:00,6.3115
2018-12-17 10:30:00,10.573166666666667
2018-12-17 11:00:00,5.178666666666667
2018-12-17 11:30:00,3.8488333333333338
2018-12-17 12:00:00,4.020333333333333
2018-12-17 12:30:00,0.68
2018-12-17 13:00:00,2.3833333333333333
2018-12-17 13:30:00,2.1241666666666665
2018-12-17 14:00:00,5.394333333333333
2018-12-17 14:30:00,5.023
2018-12-17 15:00:00,9.751
2018-12-17 15:30:00,15.309999999999995
2018-12-17 16:00:00,10.184833333333332
2018-12-17 16:30:00,5.235166666666666
2018-12-17 17:00:00,3.833
2018-12-17 17:30:00,4.939333333333333
2018-12-17 18:00:00,22.409333333333336
2018-12-17 18:30:00,32.92516666666666
2018-12-17 19:00:00,30.944499999999994
2018-12-17 19:30:00,18.166833333333333
2018-12-17 20:00:00,12.285833333333334
2018-12-17 20:30:00,13.647
2018-12-17 21:00:00,8.050166666666668
2018-12-17 21:30:00,6.964333333333333
2018-12-17 22:00:00,11.510166666666665
2018-12-17 22:30:00,8.286166666666668
2018-12-17 23:00:00,6.605999999999999
2018-12-17 23:30:00,6.940166666666667
2018-12-18 00:00:00,9.508
2018-12-18 00:30:00,14.795833333333336
2018-12-18 01:00:00,10.940333333333331
2018-12-18 01:30:00,9.245833333333334
2018-12-18 02:00:00,6.862833333333334
2018-12-18 02:30:00,9.0425
2018-12-18 03:00:00,10.629833333333332
2018-12-18 03:30:00,10.358333333333333
2018-12-18 04:00:00,7.798000000000001
2018-12-18 04:30:00,7.395333333333333
2018-12-18 05:00:00,5.980333333333334
2018-12-18 05:30:00,5.4255
2018-12-18 06:00:00,8.029833333333332
2018-12-18 06:30:00,11.4765
2018-12-18 07:00:00,9.7845
2018-12-18 07:30:00,8.5295
2018-12-18 08:00:00,6.261
2018-12-18 08:30:00,5.966
2018-12-18 09:00:00,8.465666666666666
2018-12-18 09:30:00,8.890333333333333
2018-12-18 10:00:00,6.6275
2018-12-18 10:30:00,2.4293333333333336
2018-12-18 11:00:00,3.692
2018-12-18 11:30:00,6.581
2018-12-18 12:00:00,7.146833333333333
2018-12-18 12:30:00,8.819
2018-12-18 13:00:00,9.707333333333333
2018-12-18 13:30:00,16.354833333333335
2018-12-18 14:00:00,19.6325
2018-12-18 14:30:00,20.184166666666663
2018-12-18 15:00:00,31.536
2018-12-18 15:30:00,35.10783333333333
2018-12-18 16:00:00,30.56
2018-12-18 16:30:00,25.673
2018-12-18 17:00:00,19.426166666666663
2018-12-18 17:30:00,17.555666666666664
2018-12-18 18:00:00,12.496
2018-12-18 18:30:00,15.673333333333334
2018-12-18 19:00:00,30.516333333333336
2018-12-18 19:30:00,36.46783333333333
2018-12-18 20:00:00,14.888500000000002
2018-12-18 20:30:00,13.934166666666668
2018-12-18 21:00:00,19.105
2018-12-18 21:30:00,18.47383333333333
2018-12-18 22:00:00,25.752
2018-12-18 22:30:00,17.637999999999998
2018-12-18 23:00:00,2.292
2018-12-18 23:30:00,3.2705
2018-12-19 00:00:00,1.4611666666666665
2018-12-19 00:30:00,0.766
2018-12-19 01:00:00,1.8191666666666668
2018-12-19 01:30:00,3.5511666666666666
2018-12-19 02:00:00,5.983499999999999
2018-12-19 02:30:00,1.0983333333333334
2018-12-19 03:00:00,2.0875
2018-12-19 03:30:00,3.273
2018-12-19 04:00:00,4.540666666666668
2018-12-19 04:30:00,6.641666666666667
2018-12-19 05:00:00,11.806666666666668
2018-12-19 05:30:00,30.4455
2018-12-19 06:00:00,26.874666666666663
2018-12-19 06:30:00,16.064833333333333
2018-12-19 07:00:00,11.029166666666669
2018-12-19 07:30:00,15.441833333333332
2018-12-19 08:00:00,9.484333333333334
2018-12-19 08:30:00,11.354833333333334
2018-12-19 09:00:00,10.187833333333334
2018-12-19 09:30:00,10.041
2018-12-19 10:00:00,5.148333333333333
2018-12-19 10:30:00,4.995666666666667
2018-12-19 11:00:00,3.731500000000001
2018-12-19 11:30:00,2.060833333333333
2018-12-19 12:00:00,0.3083333333333334
2018-12-19 12:30:00,-0.0266666666666666
2018-12-19 13:00:00,-0.2348333333333333
2018-12-19 13:30:00,-0.0998333333333332
2018-12-19 14:00:00,5.079833333333334
2018-12-19 14:30:00,30.27533333333333
2018-12-19 15:00:00,49.197
2018-12-19 15:30:00,4.413833333333334
2018-12-19 16:00:00,3.388333333333333
2018-12-19 16:30:00,-0.2896666666666667
2018-12-19 17:00:00,-0.1708333333333333
2018-12-19 17:30:00,-0.2391666666666666
2018-12-19 18:00:00,-0.1244999999999999
2018-12-19 18:30:00,2.8668333333333336
2018-12-19 19:00:00,5.420166666666667
2018-12-19 19:30:00,6.768666666666667
2018-12-19 20:00:00,5.0135
2018-12-19 20:30:00,3.2898333333333336
2018-12-19 21:00:00,1.2893333333333332
2018-12-19 21:30:00,0.8095
2018-12-19 22:00:00,0.8211666666666666
2018-12-19 22:30:00,0.4431666666666666
2018-12-19 23:00:00,0.2358333333333333
2018-12-19 23:30:00,0.1994999999999999
2018-12-20 00:00:00,-0.0063333333333333
2018-12-20 00:30:00,-0.239
2018-12-20 01:00:00,-0.2058333333333333
2018-12-20 01:30:00,0.4455
2018-12-20 02:00:00,1.5905000000000002
2018-12-20 02:30:00,5.466999999999999
2018-12-20 03:00:00,3.4266666666666663
2018-12-20 03:30:00,3.8336666666666654
2018-12-20 04:00:00,5.421833333333333
2018-12-20 04:30:00,14.149333333333333
2018-12-20 05:00:00,27.72666666666667
2018-12-20 05:30:00,19.181166666666662
2018-12-20 06:00:00,18.520666666666667
2018-12-20 06:30:00,17.128
2018-12-20 07:00:00,18.968166666666665
2018-12-20 07:30:00,15.080833333333333
2018-12-20 08:00:00,10.451833333333331
2018-12-20 08:30:00,5.319
2018-12-20 09:00:00,7.568166666666666
2018-12-20 09:30:00,12.482666666666669
2018-12-20 10:00:00,15.864666666666666
2018-12-20 10:30:00,10.359166666666669
2018-12-20 11:00:00,18.12283333333333
2018-12-20 11:30:00,29.887833333333333
2018-12-20 12:00:00,25.008666666666667
2018-12-20 12:30:00,24.7565
2018-12-20 13:00:00,20.34166666666667
2018-12-20 13:30:00,38.59783333333333
2018-12-20 14:00:00,59.0135
2018-12-20 14:30:00,76.19983333333333
2018-12-20 15:00:00,71.2965
2018-12-20 15:30:00,74.99783333333333
2018-12-20 16:00:00,73.30883333333334
2018-12-20 16:30:00,83.44999999999999
2018-12-20 17:00:00,77.71983333333333
2018-12-20 17:30:00,85.5425
2018-12-20 18:00:00,78.2605
2018-12-20 18:30:00,73.30366666666666
2018-12-20 19:00:00,79.76566666666666
2018-12-20 19:30:00,52.763166666666656
2018-12-20 20:00:00,37.6045
2018-12-20 20:30:00,23.9735
2018-12-20 21:00:00,13.968166666666669
2018-12-20 21:30:00,20.978166666666667
2018-12-20 22:00:00,25.952
2018-12-20 22:30:00,15.9065
2018-12-20 23:00:00,8.388166666666669
2018-12-20 23:30:00,15.115833333333333
2018-12-21 00:00:00,26.41033333333333
2018-12-21 00:30:00,24.19916666666667
2018-12-21 01:00:00,17.854666666666667
2018-12-21 01:30:00,16.144666666666666
2018-12-21 02:00:00,13.575666666666663
2018-12-21 02:30:00,12.842333333333334
2018-12-21 03:00:00,22.445666666666668
2018-12-21 03:30:00,25.87683333333333
2018-12-21 04:00:00,25.526
2018-12-21 04:30:00,21.16433333333333
2018-12-21 05:00:00,16.226833333333335
2018-12-21 05:30:00,16.223499999999998
2018-12-21 06:00:00,8.960166666666666
2018-12-21 06:30:00,12.0005
2018-12-21 07:00:00,13.283333333333331
2018-12-21 07:30:00,11.014833333333334
2018-12-21 08:00:00,10.361166666666668
2018-12-21 08:30:00,14.630166666666668
2018-12-21 09:00:00,12.751666666666669
2018-12-21 09:30:00,10.026000000000002
2018-12-21 10:00:00,9.154166666666669
2018-12-21 10:30:00,8.072
2018-12-21 11:00:00,18.8275
2018-12-21 11:30:00,19.6555
2018-12-21 12:00:00,31.477
2018-12-21 12:30:00,40.09216666666666
2018-12-21 13:00:00,43.55733333333333
2018-12-21 13:30:00,61.91616666666667
2018-12-21 14:00:00,85.02633333333334
2018-12-21 14:30:00,91.61533333333334
2018-12-21 15:00:00,97.42833333333331
2018-12-21 15:30:00,109.22283333333333
2018-12-21 16:00:00,108.1675
2018-12-21 16:30:00,102.4135
2018-12-21 17:00:00,98.90316666666668
2018-12-21 17:30:00,72.67083333333333
2018-12-21 18:00:00,58.46033333333333
2018-12-21 18:30:00,46.872166666666665
2018-12-21 19:00:00,34.8555
2018-12-21 19:30:00,45.021833333333326
2018-12-21 20:00:00,23.124166666666667
2018-12-21 20:30:00,24.267166666666668
2018-12-21 21:00:00,21.998666666666665
2018-12-21 21:30:00,25.336666666666662
2018-12-21 22:00:00,30.344166666666663
2018-12-21 22:30:00,24.325833333333332
2018-12-21 23:00:00,29.362833333333327
2018-12-21 23:30:00,38.54466666666667
2018-12-22 00:00:00,19.1895
2018-12-22 00:30:00,7.748166666666667
2018-12-22 01:00:00,9.2685
2018-12-22 01:30:00,9.189
2018-12-22 02:00:00,6.871166666666667
2018-12-22 02:30:00,8.533666666666667
2018-12-22 03:00:00,8.187500000000002
2018-12-22 03:30:00,10.611333333333334
2018-12-22 04:00:00,13.947333333333331
2018-12-22 04:30:00,9.214833333333331
2018-12-22 05:00:00,8.682166666666665
2018-12-22 05:30:00,7.131
2018-12-22 06:00:00,3.1748333333333334
2018-12-22 06:30:00,0.6756666666666665
2018-12-22 07:00:00,1.1976666666666669
2018-12-22 07:30:00,1.2331666666666667
2018-12-22 08:00:00,8.606333333333334
2018-12-22 08:30:00,25.509500000000003
2018-12-22 09:00:00,11.622333333333335
2018-12-22 09:30:00,12.149166666666666
2018-12-22 10:00:00,11.8125
2018-12-22 10:30:00,9.302333333333332
2018-12-22 11:00:00,18.69066666666667
2018-12-22 11:30:00,19.57466666666667
2018-12-22 12:00:00,24.568
2018-12-22 12:30:00,22.054333333333336
2018-12-22 13:00:00,20.51533333333333
2018-12-22 13:30:00,18.905666666666665
2018-12-22 14:00:00,17.706
2018-12-22 14:30:00,20.4265
2018-12-22 15:00:00,26.867166666666662
2018-12-22 15:30:00,25.0905
2018-12-22 16:00:00,34.276999999999994
2018-12-22 16:30:00,35.742333333333335
2018-12-22 17:00:00,39.03533333333334
2018-12-22 17:30:00,34.460166666666666
2018-12-22 18:00:00,33.82533333333333
2018-12-22 18:30:00,33.16316666666667
2018-12-22 19:00:00,31.155500000000004
2018-12-22 19:30:00,27.61266666666667
2018-12-22 20:00:00,28.324
2018-12-22 20:30:00,26.022166666666667
2018-12-22 21:00:00,25.16933333333333
2018-12-22 21:30:00,19.9995
2018-12-22 22:00:00,12.767
2018-12-22 22:30:00,9.397833333333333
2018-12-22 23:00:00,5.559333333333334
2018-12-22 23:30:00,2.26
2018-12-23 00:00:00,0.2196666666666666
2018-12-23 00:30:00,0.8883333333333333
2018-12-23 01:00:00,0.9615
2018-12-23 01:30:00,-0.2759999999999999
2018-12-23 02:00:00,-0.1816666666666666
2018-12-23 02:30:00,-0.1801666666666666
2018-12-23 03:00:00,-0.1716666666666666
2018-12-23 03:30:00,-0.1399999999999999
2018-12-23 04:00:00,-0.2153333333333332
2018-12-23 04:30:00,-0.1535
2018-12-23 05:00:00,-0.147
2018-12-23 05:30:00,-0.1223333333333333
2018-12-23 06:00:00,0.0703333333333333
2018-12-23 06:30:00,0.307
2018-12-23 07:00:00,-0.1441666666666666
2018-12-23 07:30:00,-0.1814999999999999
2018-12-23 08:00:00,0.0036666666666667
2018-12-23 08:30:00,1.8271666666666664
2018-12-23 09:00:00,0.2486666666666666
2018-12-23 09:30:00,0.0094999999999999
2018-12-23 10:00:00,-0.2011666666666667
2018-12-23 10:30:00,-0.1756666666666666
2018-12-23 11:00:00,-0.1236666666666666
2018-12-23 11:30:00,0.3394999999999999
2018-12-23 12:00:00,0.9208333333333334
2018-12-23 12:30:00,0.3371666666666666
2018-12-23 13:00:00,1.0643333333333334
2018-12-23 13:30:00,2.6731666666666665
2018-12-23 14:00:00,4.212833333333333
2018-12-23 14:30:00,2.9545
2018-12-23 15:00:00,2.4281666666666664
2018-12-23 15:30:00,2.119666666666667
2018-12-23 16:00:00,2.837
2018-12-23 16:30:00,2.3261666666666665
2018-12-23 17:00:00,27.136166666666668
2018-12-23 17:30:00,50.48349999999999
2018-12-23 18:00:00,37.70033333333333
2018-12-23 18:30:00,27.857000000000003
2018-12-23 19:00:00,18.294166666666666
2018-12-23 19:30:00,8.716333333333333
2018-12-23 20:00:00,6.355666666666667
2018-12-23 20:30:00,6.689833333333333
2018-12-23 21:00:00,6.656333333333333
2018-12-23 21:30:00,15.046166666666664
2018-12-23 22:00:00,22.376666666666665
2018-12-23 22:30:00,23.317
2018-12-23 23:00:00,26.59283333333333
2018-12-23 23:30:00,30.0215
2018-12-24 00:00:00,36.672
2018-12-24 00:30:00,30.277666666666665
2018-12-24 01:00:00,16.727
2018-12-24 01:30:00,9.885166666666668
2018-12-24 02:00:00,3.2465
2018-12-24 02:30:00,1.5618333333333334
2018-12-24 03:00:00,3.306
2018-12-24 03:30:00,18.668666666666667
2018-12-24 04:00:00,49.0
2018-12-24 04:30:00,71.40783333333334
2018-12-24 05:00:00,78.45233333333334
2018-12-24 05:30:00,69.9415
2018-12-24 06:00:00,68.16933333333334
2018-12-24 06:30:00,98.72783333333332
2018-12-24 07:00:00,87.34116666666665
2018-12-24 07:30:00,63.661
2018-12-24 08:00:00,46.8535
2018-12-24 08:30:00,47.313
2018-12-24 09:00:00,50.94816666666667
2018-12-24 09:30:00,61.88266666666667
2018-12-24 10:00:00,65.85833333333333
2018-12-24 10:30:00,70.22933333333333
2018-12-24 11:00:00,61.84766666666667
2018-12-24 11:30:00,59.627
2018-12-24 12:00:00,54.17733333333333
2018-12-24 12:30:00,48.109
2018-12-24 13:00:00,43.97616666666666
2018-12-24 13:30:00,45.86983333333333
2018-12-24 14:00:00,46.3465
2018-12-24 14:30:00,44.53933333333333
2018-12-24 15:00:00,44.553
2018-12-24 15:30:00,30.174166666666665
2018-12-24 16:00:00,21.4175
2018-12-24 16:30:00,23.308166666666665
2018-12-24 17:00:00,23.691666666666663
2018-12-24 17:30:00,27.606166666666667
2018-12-24 18:00:00,22.547
2018-12-24 18:30:00,18.187
2018-12-24 19:00:00,70.54016666666666
2018-12-24 19:30:00,62.339666666666666
2018-12-24 20:00:00,36.99066666666666
2018-12-24 20:30:00,39.527166666666666
2018-12-24 21:00:00,22.62933333333333
2018-12-24 21:30:00,17.846166666666672
2018-12-24 22:00:00,4.2156666666666665
2018-12-24 22:30:00,-0.0254999999999999
2018-12-24 23:00:00,0.569
2018-12-24 23:30:00,1.4318333333333333
2018-12-25 00:00:00,0.8595
2018-12-25 00:30:00,1.4973333333333334
2018-12-25 01:00:00,-0.2454999999999999
2018-12-25 01:30:00,-0.215
2018-12-25 02:00:00,-0.1978333333333333
2018-12-25 02:30:00,-0.215
2018-12-25 03:00:00,-0.277
2018-12-25 03:30:00,-0.1948333333333333
2018-12-25 04:00:00,2.6336666666666666
2018-12-25 04:30:00,3.141666666666666
2018-12-25 05:00:00,-0.2148333333333333
2018-12-25 05:30:00,-0.1706666666666666
2018-12-25 06:00:00,-0.1721666666666666
2018-12-25 06:30:00,-0.1746666666666666
2018-12-25 07:00:00,-0.1528333333333333
2018-12-25 07:30:00,0.1553333333333333
2018-12-25 08:00:00,2.255333333333333
2018-12-25 08:30:00,1.9699999999999995
2018-12-25 09:00:00,-0.152
2018-12-25 09:30:00,-0.2548333333333333
2018-12-25 10:00:00,1.9270000000000005
2018-12-25 10:30:00,4.549166666666667
2018-12-25 11:00:00,2.894333333333333
2018-12-25 11:30:00,-0.0966666666666666
2018-12-25 12:00:00,0.2891666666666666
2018-12-25 12:30:00,0.8895
2018-12-25 13:00:00,0.8530000000000001
2018-12-25 13:30:00,5.057666666666667
2018-12-25 14:00:00,19.149833333333333
2018-12-25 14:30:00,27.155
2018-12-25 15:00:00,47.93566666666666
2018-12-25 15:30:00,52.60866666666666
2018-12-25 16:00:00,33.915333333333336
2018-12-25 16:30:00,20.777
2018-12-25 17:00:00,21.246166666666667
2018-12-25 17:30:00,19.507
2018-12-25 18:00:00,13.40333333333333
2018-12-25 18:30:00,18.862166666666667
2018-12-25 19:00:00,28.588833333333337
2018-12-25 19:30:00,30.24
2018-12-25 20:00:00,23.63133333333333
2018-12-25 20:30:00,26.76033333333333
2018-12-25 21:00:00,33.93699999999999
2018-12-25 21:30:00,38.17916666666667
2018-12-25 22:00:00,35.32566666666667
2018-12-25 22:30:00,35.5215
2018-12-25 23:00:00,37.4865
2018-12-25 23:30:00,35.4095
2018-12-26 00:00:00,36.06283333333334
2018-12-26 00:30:00,39.15966666666667
2018-12-26 01:00:00,36.616166666666665
2018-12-26 01:30:00,32.779500000000006
2018-12-26 02:00:00,30.35616666666667
2018-12-26 02:30:00,26.066666666666663
2018-12-26 03:00:00,33.09983333333333
2018-12-26 03:30:00,29.138166666666667
2018-12-26 04:00:00,37.159
2018-12-26 04:30:00,28.74266666666667
2018-12-26 05:00:00,36.04966666666667
2018-12-26 05:30:00,37.322
2018-12-26 06:00:00,41.940000000000005
2018-12-26 06:30:00,30.607333333333333
2018-12-26 07:00:00,24.7485
2018-12-26 07:30:00,37.783
2018-12-26 08:00:00,27.863
2018-12-26 08:30:00,14.51
2018-12-26 09:00:00,8.735666666666665
2018-12-26 09:30:00,2.740333333333333
2018-12-26 10:00:00,1.9455
2018-12-26 10:30:00,3.8249999999999993
2018-12-26 11:00:00,2.498
2018-12-26 11:30:00,1.9185
2018-12-26 12:00:00,2.9693333333333336
2018-12-26 12:30:00,3.785833333333333
2018-12-26 13:00:00,2.863
2018-12-26 13:30:00,3.2705
2018-12-26 14:00:00,6.059
2018-12-26 14:30:00,8.579333333333333
2018-12-26 15:00:00,24.105666666666668
2018-12-26 15:30:00,21.89233333333333
2018-12-26 16:00:00,20.562
2018-12-26 16:30:00,24.992833333333333
2018-12-26 17:00:00,24.85533333333333
2018-12-26 17:30:00,22.510166666666667
2018-12-26 18:00:00,15.987166666666663
2018-12-26 18:30:00,14.669833333333337
2018-12-26 19:00:00,17.881999999999998
2018-12-26 19:30:00,18.55483333333333
2018-12-26 20:00:00,21.806
2018-12-26 20:30:00,27.623166666666663
2018-12-26 21:00:00,29.322166666666664
2018-12-26 21:30:00,28.25616666666666
2018-12-26 22:00:00,31.270333333333337
2018-12-26 22:30:00,35.52583333333333
2018-12-26 23:00:00,32.250499999999995
2018-12-26 23:30:00,32.3645
2018-12-27 00:00:00,27.808
2018-12-27 00:30:00,24.428
2018-12-27 01:00:00,19.68616666666667
2018-12-27 01:30:00,14.336833333333333
2018-12-27 02:00:00,11.54
2018-12-27 02:30:00,12.028
2018-12-27 03:00:00,11.234666666666667
2018-12-27 03:30:00,5.0715
2018-12-27 04:00:00,3.0065000000000004
2018-12-27 04:30:00,5.953166666666667
2018-12-27 05:00:00,4.864166666666667
2018-12-27 05:30:00,11.416166666666667
2018-12-27 06:00:00,23.184
2018-12-27 06:30:00,33.21033333333334
2018-12-27 07:00:00,41.7025
2018-12-27 07:30:00,38.63533333333333
2018-12-27 08:00:00,23.50916666666667
2018-12-27 08:30:00,28.5385
2018-12-27 09:00:00,18.82133333333333
2018-12-27 09:30:00,8.727500000000001
2018-12-27 10:00:00,6.4865
2018-12-27 10:30:00,18.162500000000005
2018-12-27 11:00:00,32.40383333333333
2018-12-27 11:30:00,30.482333333333333
2018-12-27 12:00:00,25.51083333333333
2018-12-27 12:30:00,32.31916666666667
2018-12-27 13:00:00,84.55499999999999
2018-12-27 13:30:00,71.5445
2018-12-27 14:00:00,74.64783333333334
2018-12-27 14:30:00,91.383
2018-12-27 15:00:00,76.44483333333334
2018-12-27 15:30:00,57.69316666666666
2018-12-27 16:00:00,57.72683333333333
2018-12-27 16:30:00,48.53233333333333
2018-12-27 17:00:00,76.91666666666667
2018-12-27 17:30:00,72.84183333333333
2018-12-27 18:00:00,45.42533333333333
2018-12-27 18:30:00,12.033666666666669
2018-12-27 19:00:00,12.892166666666666
2018-12-27 19:30:00,6.616333333333333
2018-12-27 20:00:00,4.820666666666667
2018-12-27 20:30:00,4.020166666666667
2018-12-27 21:00:00,10.742166666666664
2018-12-27 21:30:00,-0.3723333333333333
2018-12-27 22:00:00,0.3885
2018-12-27 22:30:00,0.657
2018-12-27 23:00:00,6.634333333333334
2018-12-27 23:30:00,0.4991666666666667
2018-12-28 00:00:00,6.717500000000001
2018-12-28 00:30:00,0.5176666666666667
2018-12-28 01:00:00,26.83133333333333
2018-12-28 01:30:00,17.509833333333336
2018-12-28 02:00:00,12.318833333333332
2018-12-28 02:30:00,4.928166666666667
2018-12-28 03:00:00,14.634833333333331
2018-12-28 03:30:00,13.921666666666669
2018-12-28 04:00:00,6.609333333333333
2018-12-28 04:30:00,1.3068333333333333
2018-12-28 05:00:00,15.773166666666668
2018-12-28 05:30:00,73.54016666666666
2018-12-28 06:00:00,77.024
2018-12-28 06:30:00,93.78083333333332
2018-12-28 07:00:00,101.5165
2018-12-28 07:30:00,100.56633333333332
2018-12-28 08:00:00,86.866
2018-12-28 08:30:00,62.46266666666667
2018-12-28 09:00:00,64.107
2018-12-28 09:30:00,63.34433333333333
2018-12-28 10:00:00,46.13
2018-12-28 10:30:00,36.10233333333333
2018-12-28 11:00:00,22.16316666666667
2018-12-28 11:30:00,21.328
2018-12-28 12:00:00,22.96166666666667
2018-12-28 12:30:00,10.934333333333331
2018-12-28 13:00:00,38.4755
2018-12-28 13:30:00,74.52433333333333
2018-12-28 14:00:00,59.355833333333344
2018-12-28 14:30:00,45.81583333333333
2018-12-28 15:00:00,63.95666666666667
2018-12-28 15:30:00,66.74966666666667
2018-12-28 16:00:00,82.02266666666667
2018-12-28 16:30:00,71.978
2018-12-28 17:00:00,45.899
2018-12-28 17:30:00,57.4175
2018-12-28 18:00:00,31.509500000000003
2018-12-28 18:30:00,14.440833333333336
2018-12-28 19:00:00,21.571
2018-12-28 19:30:00,8.693333333333335
2018-12-28 20:00:00,35.55283333333334
2018-12-28 20:30:00,68.28016666666667
2018-12-28 21:00:00,45.76683333333333
2018-12-28 21:30:00,2.543
2018-12-28 22:00:00,1.4876666666666667
2018-12-28 22:30:00,11.133666666666668
2018-12-28 23:00:00,4.837000000000001
2018-12-28 23:30:00,22.736833333333333
2018-12-29 00:00:00,4.512833333333333
2018-12-29 00:30:00,0.7291666666666666
2018-12-29 01:00:00,45.8425
2018-12-29 01:30:00,95.26550000000002
2018-12-29 02:00:00,78.40133333333334
2018-12-29 02:30:00,48.9385
2018-12-29 03:00:00,7.516666666666667
2018-12-29 03:30:00,10.250166666666669
2018-12-29 04:00:00,6.276166666666668
2018-12-29 04:30:00,2.5761666666666665
2018-12-29 05:00:00,11.488166666666666
2018-12-29 05:30:00,32.74183333333333
2018-12-29 06:00:00,30.68883333333333
2018-12-29 06:30:00,41.950833333333335
2018-12-29 07:00:00,37.512166666666666
2018-12-29 07:30:00,25.75166666666667
2018-12-29 08:00:00,20.26033333333333
2018-12-29 08:30:00,17.223666666666666
2018-12-29 09:00:00,12.406833333333331
2018-12-29 09:30:00,8.998666666666667
2018-12-29 10:00:00,7.0601666666666665
2018-12-29 10:30:00,1.2031666666666665
2018-12-29 11:00:00,0.1481666666666667
2018-12-29 11:30:00,-0.118
2018-12-29 12:00:00,-0.1048333333333333
2018-12-29 12:30:00,-0.2481666666666666
2018-12-29 13:00:00,-0.2055
2018-12-29 13:30:00,-0.1871666666666666
2018-12-29 14:00:00,-0.2258333333333333
2018-12-29 14:30:00,-0.0956666666666666
2018-12-29 15:00:00,2.3331666666666666
2018-12-29 15:30:00,11.5165
2018-12-29 16:00:00,13.807166666666667
2018-12-29 16:30:00,21.689000000000004
2018-12-29 17:00:00,20.467166666666667
2018-12-29 17:30:00,23.532833333333333
2018-12-29 18:00:00,27.5145
2018-12-29 18:30:00,30.68583333333333
2018-12-29 19:00:00,27.024666666666672
2018-12-29 19:30:00,35.25066666666667
2018-12-29 20:00:00,39.209
2018-12-29 20:30:00,35.504666666666665
2018-12-29 21:00:00,37.138
2018-12-29 21:30:00,25.929166666666664
2018-12-29 22:00:00,19.974666666666668
2018-12-29 22:30:00,24.25833333333333
2018-12-29 23:00:00,24.1415
2018-12-29 23:30:00,30.456333333333333
2018-12-30 00:00:00,19.4515
2018-12-30 00:30:00,23.004500000000004
2018-12-30 01:00:00,22.37933333333333
2018-12-30 01:30:00,15.720666666666665
2018-12-30 02:00:00,16.607
2018-12-30 02:30:00,11.794000000000002
2018-12-30 03:00:00,13.635333333333334
2018-12-30 03:30:00,18.3515
2018-12-30 04:00:00,16.879833333333334
2018-12-30 04:30:00,11.1625
2018-12-30 05:00:00,13.170666666666667
2018-12-30 05:30:00,20.55116666666667
2018-12-30 06:00:00,18.2745
2018-12-30 06:30:00,27.60966666666667
2018-12-30 07:00:00,21.29133333333333
2018-12-30 07:30:00,11.631833333333333
2018-12-30 08:00:00,12.271166666666666
2018-12-30 08:30:00,8.843833333333334
2018-12-30 09:00:00,11.954666666666666
2018-12-30 09:30:00,6.0488333333333335
2018-12-30 10:00:00,4.410666666666667
2018-12-30 10:30:00,7.216333333333332
2018-12-30 11:00:00,7.040500000000001
2018-12-30 11:30:00,4.961833333333334
2018-12-30 12:00:00,10.229
2018-12-30 12:30:00,18.7505
2018-12-30 13:00:00,27.960166666666662
2018-12-30 13:30:00,23.229166666666668
2018-12-30 14:00:00,27.853
2018-12-30 14:30:00,38.57083333333333
2018-12-30 15:00:00,52.10933333333333
2018-12-30 15:30:00,63.508333333333326
2018-12-30 16:00:00,69.48983333333332
2018-12-30 16:30:00,57.9715
2018-12-30 17:00:00,52.2065
2018-12-30 17:30:00,51.372166666666665
2018-12-30 18:00:00,48.91616666666666
2018-12-30 18:30:00,58.156000000000006
2018-12-30 19:00:00,62.98733333333333
2018-12-30 19:30:00,54.520333333333326
2018-12-30 20:00:00,53.04149999999999
2018-12-30 20:30:00,45.36616666666666
2018-12-30 21:00:00,43.528333333333336
2018-12-30 21:30:00,52.42
2018-12-30 22:00:00,44.639
2018-12-30 22:30:00,39.690333333333335
2018-12-30 23:00:00,31.83
2018-12-30 23:30:00,21.782166666666665
2018-12-31 00:00:00,18.295333333333332
2018-12-31 00:30:00,19.934833333333334
2018-12-31 01:00:00,25.413
2018-12-31 01:30:00,23.65283333333333
2018-12-31 02:00:00,19.9625
2018-12-31 02:30:00,18.76683333333333
2018-12-31 03:00:00,24.430000000000003
2018-12-31 03:30:00,28.98816666666667
2018-12-31 04:00:00,29.044333333333334
2018-12-31 04:30:00,23.156333333333336
2018-12-31 05:00:00,19.784500000000005
2018-12-31 05:30:00,20.15066666666667
2018-12-31 06:00:00,15.539833333333332
2018-12-31 06:30:00,17.66
2018-12-31 07:00:00,20.48
2018-12-31 07:30:00,21.868166666666667
2018-12-31 08:00:00,18.02866666666667
2018-12-31 08:30:00,15.352
2018-12-31 09:00:00,9.368166666666664
2018-12-31 09:30:00,6.4075
2018-12-31 10:00:00,0.8883333333333335
2018-12-31 10:30:00,1.9681666666666668
2018-12-31 11:00:00,6.111
2018-12-31 11:30:00,6.554166666666667
2018-12-31 12:00:00,7.669833333333334
2018-12-31 12:30:00,4.060666666666667
2018-12-31 13:00:00,3.696166666666667
2018-12-31 13:30:00,1.9441666666666664
2018-12-31 14:00:00,0.9788333333333332
2018-12-31 14:30:00,2.261833333333333
2018-12-31 15:00:00,8.616
2018-12-31 15:30:00,12.931166666666668
2018-12-31 16:00:00,27.915333333333336
2018-12-31 16:30:00,20.0325
2018-12-31 17:00:00,8.367166666666668
2018-12-31 17:30:00,32.760666666666665
2018-12-31 18:00:00,36.73633333333333
2018-12-31 18:30:00,31.073000000000004
2018-12-31 19:00:00,39.70333333333334
2018-12-31 19:30:00,34.8465
2018-12-31 20:00:00,27.697
2018-12-31 20:30:00,20.69833333333333
2018-12-31 21:00:00,20.963666666666665
2018-12-31 21:30:00,24.174333333333333
2018-12-31 22:00:00,20.207833333333337
2018-12-31 22:30:00,24.356833333333334
2018-12-31 23:00:00,19.4985
2018-12-31 23:30:00,16.564333333333334
