,Jan-Mar
2018-03-01 00:00:00,23.44266666666667
2018-03-01 00:30:00,14.660333333333332
2018-03-01 01:00:00,14.085
2018-03-01 01:30:00,16.433
2018-03-01 02:00:00,18.2955
2018-03-01 02:30:00,13.794666666666666
2018-03-01 03:00:00,14.807333333333332
2018-03-01 03:30:00,8.741833333333332
2018-03-01 04:00:00,6.451166666666666
2018-03-01 04:30:00,7.282166666666668
2018-03-01 05:00:00,7.016666666666667
2018-03-01 05:30:00,8.423999999999998
2018-03-01 06:00:00,7.315666666666666
2018-03-01 06:30:00,6.605666666666665
2018-03-01 07:00:00,3.2258333333333336
2018-03-01 07:30:00,0.239
2018-03-01 08:00:00,0.0841666666666666
2018-03-01 08:30:00,-0.2675
2018-03-01 09:00:00,-0.2193333333333333
2018-03-01 09:30:00,-0.2548333333333333
2018-03-01 10:00:00,-0.2551666666666666
2018-03-01 10:30:00,-0.2195
2018-03-01 11:00:00,-0.2645
2018-03-01 11:30:00,-0.1894999999999999
2018-03-01 12:00:00,0.5711666666666667
2018-03-01 12:30:00,0.146
2018-03-01 13:00:00,-0.0978333333333332
2018-03-01 13:30:00,0.0586666666666666
2018-03-01 14:00:00,0.5253333333333333
2018-03-01 14:30:00,0.3546666666666667
2018-03-01 15:00:00,-0.0743333333333333
2018-03-01 15:30:00,-0.2648333333333333
2018-03-01 16:00:00,-0.2508333333333333
2018-03-01 16:30:00,-0.223
2018-03-01 17:00:00,-0.253
2018-03-01 17:30:00,-0.0939999999999999
2018-03-01 18:00:00,0.2053333333333333
2018-03-01 18:30:00,21.18283333333333
2018-03-01 19:00:00,30.984333333333336
2018-03-01 19:30:00,30.988666666666663
2018-03-01 20:00:00,38.39566666666667
2018-03-01 20:30:00,42.73533333333333
2018-03-01 21:00:00,39.318666666666665
2018-03-01 21:30:00,39.29066666666667
2018-03-01 22:00:00,41.82266666666666
2018-03-01 22:30:00,42.168
2018-03-01 23:00:00,41.56316666666667
2018-03-01 23:30:00,37.764833333333335
2018-03-02 00:00:00,37.795
2018-03-02 00:30:00,38.791
2018-03-02 01:00:00,36.83883333333333
2018-03-02 01:30:00,35.08733333333333
2018-03-02 02:00:00,38.388666666666666
2018-03-02 02:30:00,38.65733333333333
2018-03-02 03:00:00,32.39033333333333
2018-03-02 03:30:00,32.556999999999995
2018-03-02 04:00:00,32.84616666666667
2018-03-02 04:30:00,27.804666666666662
2018-03-02 05:00:00,27.03983333333333
2018-03-02 05:30:00,28.813333333333333
2018-03-02 06:00:00,30.062
2018-03-02 06:30:00,28.494
2018-03-02 07:00:00,26.94783333333333
2018-03-02 07:30:00,19.4535
2018-03-02 08:00:00,20.52433333333333
2018-03-02 08:30:00,19.8065
2018-03-02 09:00:00,17.659499999999998
2018-03-02 09:30:00,16.115666666666666
2018-03-02 10:00:00,14.2875
2018-03-02 10:30:00,11.519166666666663
2018-03-02 11:00:00,6.075500000000001
2018-03-02 11:30:00,3.838666666666666
2018-03-02 12:00:00,1.748
2018-03-02 12:30:00,1.465
2018-03-02 13:00:00,2.0671666666666666
2018-03-02 13:30:00,1.520833333333333
2018-03-02 14:00:00,-0.0588333333333333
2018-03-02 14:30:00,-0.2421666666666666
2018-03-02 15:00:00,-0.2258333333333333
2018-03-02 15:30:00,-0.2443333333333333
2018-03-02 16:00:00,-0.3153333333333333
2018-03-02 16:30:00,-0.2926666666666667
2018-03-02 17:00:00,-0.2124999999999999
2018-03-02 17:30:00,-0.2611666666666666
2018-03-02 18:00:00,0.2156666666666666
2018-03-02 18:30:00,4.738166666666667
2018-03-02 19:00:00,11.62566666666667
2018-03-02 19:30:00,10.263833333333332
2018-03-02 20:00:00,13.521166666666668
2018-03-02 20:30:00,21.555
2018-03-02 21:00:00,19.7415
2018-03-02 21:30:00,14.506333333333332
2018-03-02 22:00:00,14.201166666666667
2018-03-02 22:30:00,16.202166666666667
2018-03-02 23:00:00,13.578833333333334
2018-03-02 23:30:00,11.519
2018-03-03 00:00:00,13.113166666666665
2018-03-03 00:30:00,15.709833333333334
2018-03-03 01:00:00,15.382333333333335
2018-03-03 01:30:00,12.3785
2018-03-03 02:00:00,10.7935
2018-03-03 02:30:00,7.097166666666667
2018-03-03 03:00:00,6.975666666666666
2018-03-03 03:30:00,6.932666666666666
2018-03-03 04:00:00,5.427333333333333
2018-03-03 04:30:00,4.19
2018-03-03 05:00:00,1.9875
2018-03-03 05:30:00,1.7140000000000002
2018-03-03 06:00:00,0.903
2018-03-03 06:30:00,0.1163333333333333
2018-03-03 07:00:00,0.0358333333333333
2018-03-03 07:30:00,-0.172
2018-03-03 08:00:00,-0.2691666666666666
2018-03-03 08:30:00,-0.277
2018-03-03 09:00:00,-0.3269999999999999
2018-03-03 09:30:00,0.6803333333333333
2018-03-03 10:00:00,1.8291666666666664
2018-03-03 10:30:00,2.834833333333333
2018-03-03 11:00:00,5.241
2018-03-03 11:30:00,6.120666666666668
2018-03-03 12:00:00,5.767166666666665
2018-03-03 12:30:00,6.391333333333333
2018-03-03 13:00:00,7.435333333333333
2018-03-03 13:30:00,10.357666666666669
2018-03-03 14:00:00,10.043666666666669
2018-03-03 14:30:00,12.802
2018-03-03 15:00:00,10.417333333333334
2018-03-03 15:30:00,12.368
2018-03-03 16:00:00,9.470333333333333
2018-03-03 16:30:00,8.237166666666667
2018-03-03 17:00:00,5.898
2018-03-03 17:30:00,7.679166666666667
2018-03-03 18:00:00,6.334666666666667
2018-03-03 18:30:00,3.851833333333333
2018-03-03 19:00:00,4.1885
2018-03-03 19:30:00,6.094
2018-03-03 20:00:00,6.776666666666666
2018-03-03 20:30:00,4.887166666666666
2018-03-03 21:00:00,2.3961666666666672
2018-03-03 21:30:00,2.6348333333333334
2018-03-03 22:00:00,2.2048333333333336
2018-03-03 22:30:00,1.1920000000000002
2018-03-03 23:00:00,1.0445
2018-03-03 23:30:00,0.2148333333333333
2018-03-04 00:00:00,0.4173333333333334
2018-03-04 00:30:00,0.3609999999999998
2018-03-04 01:00:00,0.0503333333333333
2018-03-04 01:30:00,1.4438333333333333
2018-03-04 02:00:00,2.3636666666666666
2018-03-04 02:30:00,1.6728333333333332
2018-03-04 03:00:00,2.568166666666667
2018-03-04 03:30:00,3.662000000000001
2018-03-04 04:00:00,1.7185
2018-03-04 04:30:00,1.1188333333333331
2018-03-04 05:00:00,1.1141666666666663
2018-03-04 05:30:00,2.598333333333333
2018-03-04 06:00:00,0.6913333333333332
2018-03-04 06:30:00,1.5279999999999998
2018-03-04 07:00:00,1.5228333333333337
2018-03-04 07:30:00,0.7939999999999999
2018-03-04 08:00:00,10.025166666666664
2018-03-04 08:30:00,13.9185
2018-03-04 09:00:00,16.224999999999998
2018-03-04 09:30:00,19.81683333333333
2018-03-04 10:00:00,16.927000000000003
2018-03-04 10:30:00,10.608166666666667
2018-03-04 11:00:00,9.008666666666668
2018-03-04 11:30:00,6.954833333333334
2018-03-04 12:00:00,2.942333333333333
2018-03-04 12:30:00,0.6643333333333333
2018-03-04 13:00:00,0.2251666666666667
2018-03-04 13:30:00,0.2546666666666666
2018-03-04 14:00:00,1.1996666666666669
2018-03-04 14:30:00,-0.1606666666666666
2018-03-04 15:00:00,4.154
2018-03-04 15:30:00,4.1505
2018-03-04 16:00:00,3.731666666666667
2018-03-04 16:30:00,1.4265
2018-03-04 17:00:00,4.1135
2018-03-04 17:30:00,11.527166666666668
2018-03-04 18:00:00,14.790833333333332
2018-03-04 18:30:00,23.9035
2018-03-04 19:00:00,33.559666666666665
2018-03-04 19:30:00,31.640000000000004
2018-03-04 20:00:00,30.35033333333333
2018-03-04 20:30:00,29.891
2018-03-04 21:00:00,32.00516666666667
2018-03-04 21:30:00,29.05333333333333
2018-03-04 22:00:00,27.971833333333333
2018-03-04 22:30:00,27.88533333333333
2018-03-04 23:00:00,28.297333333333334
2018-03-04 23:30:00,26.70683333333333
2018-03-05 00:00:00,24.16483333333333
2018-03-05 00:30:00,22.904
2018-03-05 01:00:00,22.003500000000003
2018-03-05 01:30:00,18.428500000000003
2018-03-05 02:00:00,16.711166666666667
2018-03-05 02:30:00,15.984833333333333
2018-03-05 03:00:00,12.290333333333333
2018-03-05 03:30:00,11.004833333333332
2018-03-05 04:00:00,9.278166666666666
2018-03-05 04:30:00,6.924499999999999
2018-03-05 05:00:00,7.052166666666667
2018-03-05 05:30:00,7.069499999999999
2018-03-05 06:00:00,6.2058333333333335
2018-03-05 06:30:00,5.4703333333333335
2018-03-05 07:00:00,5.864333333333335
2018-03-05 07:30:00,7.284500000000001
2018-03-05 08:00:00,7.836666666666667
2018-03-05 08:30:00,8.5335
2018-03-05 09:00:00,8.0595
2018-03-05 09:30:00,7.984833333333334
2018-03-05 10:00:00,8.134333333333332
2018-03-05 10:30:00,10.78716666666667
2018-03-05 11:00:00,12.732333333333331
2018-03-05 11:30:00,12.491500000000002
2018-03-05 12:00:00,15.4835
2018-03-05 12:30:00,20.19983333333333
2018-03-05 13:00:00,18.6305
2018-03-05 13:30:00,21.88133333333333
2018-03-05 14:00:00,26.53033333333333
2018-03-05 14:30:00,29.507166666666667
2018-03-05 15:00:00,36.66183333333333
2018-03-05 15:30:00,36.914
2018-03-05 16:00:00,37.14983333333333
2018-03-05 16:30:00,39.934333333333335
2018-03-05 17:00:00,42.52133333333333
2018-03-05 17:30:00,43.62233333333333
2018-03-05 18:00:00,44.20116666666667
2018-03-05 18:30:00,44.118
2018-03-05 19:00:00,45.77033333333333
2018-03-05 19:30:00,45.626666666666665
2018-03-05 20:00:00,45.8405
2018-03-05 20:30:00,45.709833333333336
2018-03-05 21:00:00,44.04233333333334
2018-03-05 21:30:00,45.18800000000001
2018-03-05 22:00:00,45.8545
2018-03-05 22:30:00,46.1525
2018-03-05 23:00:00,45.5785
2018-03-05 23:30:00,46.168
2018-03-06 00:00:00,46.166500000000006
2018-03-06 00:30:00,45.76116666666667
2018-03-06 01:00:00,44.45883333333334
2018-03-06 01:30:00,39.79083333333334
2018-03-06 02:00:00,40.78933333333334
2018-03-06 02:30:00,42.87316666666666
2018-03-06 03:00:00,42.9085
2018-03-06 03:30:00,39.502833333333335
2018-03-06 04:00:00,38.515
2018-03-06 04:30:00,41.202333333333335
2018-03-06 05:00:00,41.847166666666666
2018-03-06 05:30:00,43.64566666666666
2018-03-06 06:00:00,45.39716666666666
2018-03-06 06:30:00,44.2655
2018-03-06 07:00:00,42.28483333333333
2018-03-06 07:30:00,42.219166666666666
2018-03-06 08:00:00,43.6405
2018-03-06 08:30:00,42.16933333333333
2018-03-06 09:00:00,43.148
2018-03-06 09:30:00,43.192
2018-03-06 10:00:00,43.02216666666666
2018-03-06 10:30:00,42.28716666666667
2018-03-06 11:00:00,41.97533333333333
2018-03-06 11:30:00,42.16933333333333
2018-03-06 12:00:00,43.1495
2018-03-06 12:30:00,42.003
2018-03-06 13:00:00,40.665
2018-03-06 13:30:00,43.709
2018-03-06 14:00:00,43.56433333333334
2018-03-06 14:30:00,44.33016666666666
2018-03-06 15:00:00,44.13783333333333
2018-03-06 15:30:00,44.28683333333333
2018-03-06 16:00:00,44.998333333333335
2018-03-06 16:30:00,44.58583333333333
2018-03-06 17:00:00,43.90466666666666
2018-03-06 17:30:00,43.74166666666667
2018-03-06 18:00:00,42.04166666666666
2018-03-06 18:30:00,42.4975
2018-03-06 19:00:00,39.690333333333335
2018-03-06 19:30:00,31.261
2018-03-06 20:00:00,26.445333333333338
2018-03-06 20:30:00,31.617666666666665
2018-03-06 21:00:00,24.12333333333333
2018-03-06 21:30:00,27.06
2018-03-06 22:00:00,35.48066666666667
2018-03-06 22:30:00,43.22666666666667
2018-03-06 23:00:00,44.56016666666667
2018-03-06 23:30:00,44.95533333333333
2018-03-07 00:00:00,43.94049999999999
2018-03-07 00:30:00,43.1525
2018-03-07 01:00:00,44.51400000000001
2018-03-07 01:30:00,42.8245
2018-03-07 02:00:00,39.93116666666666
2018-03-07 02:30:00,29.5455
2018-03-07 03:00:00,30.82466666666667
2018-03-07 03:30:00,27.60666666666667
2018-03-07 04:00:00,28.514
2018-03-07 04:30:00,29.706166666666665
2018-03-07 05:00:00,39.18983333333333
2018-03-07 05:30:00,42.82383333333333
2018-03-07 06:00:00,39.03533333333333
2018-03-07 06:30:00,35.26499999999999
2018-03-07 07:00:00,36.5015
2018-03-07 07:30:00,32.9385
2018-03-07 08:00:00,29.117500000000003
2018-03-07 08:30:00,31.271833333333333
2018-03-07 09:00:00,31.7455
2018-03-07 09:30:00,33.60566666666667
2018-03-07 10:00:00,37.05983333333333
2018-03-07 10:30:00,34.5665
2018-03-07 11:00:00,36.72233333333334
2018-03-07 11:30:00,35.772333333333336
2018-03-07 12:00:00,34.39849999999999
2018-03-07 12:30:00,32.275000000000006
2018-03-07 13:00:00,26.919000000000008
2018-03-07 13:30:00,28.88266666666667
2018-03-07 14:00:00,24.597833333333337
2018-03-07 14:30:00,26.493166666666664
2018-03-07 15:00:00,30.666833333333333
2018-03-07 15:30:00,25.323666666666668
2018-03-07 16:00:00,28.79166666666667
2018-03-07 16:30:00,28.06916666666667
2018-03-07 17:00:00,25.928
2018-03-07 17:30:00,29.34433333333334
2018-03-07 18:00:00,32.64066666666667
2018-03-07 18:30:00,30.306
2018-03-07 19:00:00,24.762
2018-03-07 19:30:00,25.930000000000003
2018-03-07 20:00:00,26.137166666666666
2018-03-07 20:30:00,20.210500000000003
2018-03-07 21:00:00,20.011666666666667
2018-03-07 21:30:00,15.532333333333334
2018-03-07 22:00:00,16.09
2018-03-07 22:30:00,18.355666666666668
2018-03-07 23:00:00,24.067833333333336
2018-03-07 23:30:00,15.638666666666666
2018-03-08 00:00:00,16.4805
2018-03-08 00:30:00,10.970833333333331
2018-03-08 01:00:00,9.257666666666664
2018-03-08 01:30:00,7.237166666666666
2018-03-08 02:00:00,10.715166666666669
2018-03-08 02:30:00,9.560333333333334
2018-03-08 03:00:00,11.002666666666668
2018-03-08 03:30:00,13.786166666666668
2018-03-08 04:00:00,12.964999999999998
2018-03-08 04:30:00,12.291833333333336
2018-03-08 05:00:00,7.094666666666665
2018-03-08 05:30:00,6.361
2018-03-08 06:00:00,11.658166666666666
2018-03-08 06:30:00,15.518666666666666
2018-03-08 07:00:00,12.789
2018-03-08 07:30:00,8.657666666666666
2018-03-08 08:00:00,9.2125
2018-03-08 08:30:00,14.953333333333331
2018-03-08 09:00:00,18.711333333333336
2018-03-08 09:30:00,23.373
2018-03-08 10:00:00,27.361500000000003
2018-03-08 10:30:00,19.5255
2018-03-08 11:00:00,14.64033333333333
2018-03-08 11:30:00,13.053833333333332
2018-03-08 12:00:00,11.899499999999998
2018-03-08 12:30:00,11.104833333333332
2018-03-08 13:00:00,10.9305
2018-03-08 13:30:00,13.264333333333331
2018-03-08 14:00:00,16.56
2018-03-08 14:30:00,18.40983333333333
2018-03-08 15:00:00,19.37033333333333
2018-03-08 15:30:00,23.43816666666667
2018-03-08 16:00:00,24.568
2018-03-08 16:30:00,25.683333333333334
2018-03-08 17:00:00,28.3835
2018-03-08 17:30:00,32.07150000000001
2018-03-08 18:00:00,36.66633333333333
2018-03-08 18:30:00,39.71816666666667
2018-03-08 19:00:00,41.37333333333334
2018-03-08 19:30:00,40.8025
2018-03-08 20:00:00,40.91283333333333
2018-03-08 20:30:00,39.85083333333333
2018-03-08 21:00:00,40.57683333333333
2018-03-08 21:30:00,42.14300000000001
2018-03-08 22:00:00,38.40016666666667
2018-03-08 22:30:00,39.2545
2018-03-08 23:00:00,30.59466666666667
2018-03-08 23:30:00,35.41283333333334
2018-03-09 00:00:00,38.601333333333336
2018-03-09 00:30:00,33.854000000000006
2018-03-09 01:00:00,30.412500000000005
2018-03-09 01:30:00,30.056166666666662
2018-03-09 02:00:00,26.72433333333333
2018-03-09 02:30:00,31.41616666666667
2018-03-09 03:00:00,45.46266666666667
2018-03-09 03:30:00,45.15233333333333
2018-03-09 04:00:00,37.57416666666666
2018-03-09 04:30:00,34.95316666666667
2018-03-09 05:00:00,29.102166666666665
2018-03-09 05:30:00,29.20833333333333
2018-03-09 06:00:00,30.8445
2018-03-09 06:30:00,28.2265
2018-03-09 07:00:00,32.3985
2018-03-09 07:30:00,36.4595
2018-03-09 08:00:00,41.281
2018-03-09 08:30:00,43.08433333333334
2018-03-09 09:00:00,40.91433333333333
2018-03-09 09:30:00,36.005500000000005
2018-03-09 10:00:00,32.76533333333333
2018-03-09 10:30:00,23.607166666666668
2018-03-09 11:00:00,20.748833333333334
2018-03-09 11:30:00,16.432166666666667
2018-03-09 12:00:00,16.6995
2018-03-09 12:30:00,15.183333333333335
2018-03-09 13:00:00,16.676333333333332
2018-03-09 13:30:00,18.94483333333333
2018-03-09 14:00:00,15.431166666666664
2018-03-09 14:30:00,15.665833333333332
2018-03-09 15:00:00,18.33383333333333
2018-03-09 15:30:00,19.97883333333333
2018-03-09 16:00:00,16.5915
2018-03-09 16:30:00,16.913999999999998
2018-03-09 17:00:00,18.875333333333334
2018-03-09 17:30:00,16.042833333333334
2018-03-09 18:00:00,15.690833333333332
2018-03-09 18:30:00,16.640666666666668
2018-03-09 19:00:00,17.486
2018-03-09 19:30:00,29.810166666666664
2018-03-09 20:00:00,32.62916666666667
2018-03-09 20:30:00,33.872499999999995
2018-03-09 21:00:00,33.853
2018-03-09 21:30:00,29.774
2018-03-09 22:00:00,24.70583333333333
2018-03-09 22:30:00,17.639666666666667
2018-03-09 23:00:00,16.406499999999998
2018-03-09 23:30:00,21.02983333333333
2018-03-10 00:00:00,18.066000000000003
2018-03-10 00:30:00,16.957333333333334
2018-03-10 01:00:00,16.166166666666665
2018-03-10 01:30:00,16.770833333333332
2018-03-10 02:00:00,10.642
2018-03-10 02:30:00,10.221666666666666
2018-03-10 03:00:00,9.312500000000002
2018-03-10 03:30:00,12.772166666666664
2018-03-10 04:00:00,12.3065
2018-03-10 04:30:00,11.4805
2018-03-10 05:00:00,9.590333333333334
2018-03-10 05:30:00,7.198999999999999
2018-03-10 06:00:00,9.016333333333332
2018-03-10 06:30:00,11.177333333333335
2018-03-10 07:00:00,11.281833333333331
2018-03-10 07:30:00,5.729333333333333
2018-03-10 08:00:00,5.369
2018-03-10 08:30:00,3.975666666666666
2018-03-10 09:00:00,5.173166666666666
2018-03-10 09:30:00,8.778666666666666
2018-03-10 10:00:00,9.6175
2018-03-10 10:30:00,7.163666666666667
2018-03-10 11:00:00,5.7860000000000005
2018-03-10 11:30:00,3.8176666666666654
2018-03-10 12:00:00,2.9758333333333336
2018-03-10 12:30:00,2.137833333333333
2018-03-10 13:00:00,2.42
2018-03-10 13:30:00,3.750833333333334
2018-03-10 14:00:00,5.463666666666668
2018-03-10 14:30:00,7.528666666666666
2018-03-10 15:00:00,7.636833333333333
2018-03-10 15:30:00,6.1066666666666665
2018-03-10 16:00:00,6.906333333333333
2018-03-10 16:30:00,5.771833333333333
2018-03-10 17:00:00,5.377166666666668
2018-03-10 17:30:00,4.913666666666667
2018-03-10 18:00:00,5.320833333333333
2018-03-10 18:30:00,10.311166666666669
2018-03-10 19:00:00,10.316833333333332
2018-03-10 19:30:00,16.6865
2018-03-10 20:00:00,16.813166666666664
2018-03-10 20:30:00,18.137166666666666
2018-03-10 21:00:00,19.74233333333333
2018-03-10 21:30:00,22.604000000000003
2018-03-10 22:00:00,23.03983333333333
2018-03-10 22:30:00,21.855
2018-03-10 23:00:00,16.643666666666665
2018-03-10 23:30:00,8.186
2018-03-11 00:00:00,4.842333333333333
2018-03-11 00:30:00,3.622833333333334
2018-03-11 01:00:00,2.536
2018-03-11 01:30:00,1.8491666666666668
2018-03-11 02:00:00,1.2366666666666666
2018-03-11 02:30:00,0.5894999999999999
2018-03-11 03:00:00,-0.3638333333333333
2018-03-11 03:30:00,-0.2788333333333333
2018-03-11 04:00:00,-0.2505
2018-03-11 04:30:00,-0.2885
2018-03-11 05:00:00,-0.2503333333333333
2018-03-11 05:30:00,-0.1718333333333333
2018-03-11 06:00:00,0.0986666666666666
2018-03-11 06:30:00,1.4781666666666666
2018-03-11 07:00:00,1.7554999999999998
2018-03-11 07:30:00,1.8901666666666668
2018-03-11 08:00:00,2.892
2018-03-11 08:30:00,3.3361666666666667
2018-03-11 09:00:00,3.783333333333333
2018-03-11 09:30:00,2.893
2018-03-11 10:00:00,2.3171666666666666
2018-03-11 10:30:00,0.9891666666666664
2018-03-11 11:00:00,-0.2126666666666666
2018-03-11 11:30:00,-0.2414999999999999
2018-03-11 12:00:00,0.0655
2018-03-11 12:30:00,0.2419999999999999
2018-03-11 13:00:00,0.3418333333333334
2018-03-11 13:30:00,0.4288333333333334
2018-03-11 14:00:00,1.138
2018-03-11 14:30:00,1.444
2018-03-11 15:00:00,0.7371666666666666
2018-03-11 15:30:00,0.3553333333333333
2018-03-11 16:00:00,0.4386666666666667
2018-03-11 16:30:00,0.8228333333333334
2018-03-11 17:00:00,2.3508333333333336
2018-03-11 17:30:00,5.222833333333333
2018-03-11 18:00:00,6.139
2018-03-11 18:30:00,6.650166666666666
2018-03-11 19:00:00,11.265166666666667
2018-03-11 19:30:00,20.915333333333333
2018-03-11 20:00:00,22.8035
2018-03-11 20:30:00,19.3335
2018-03-11 21:00:00,16.086333333333332
2018-03-11 21:30:00,14.236
2018-03-11 22:00:00,13.098333333333333
2018-03-11 22:30:00,12.944833333333332
2018-03-11 23:00:00,10.514666666666669
2018-03-11 23:30:00,10.444833333333335
2018-03-12 00:00:00,12.848166666666666
2018-03-12 00:30:00,14.852833333333336
2018-03-12 01:00:00,13.229833333333332
2018-03-12 01:30:00,8.113333333333335
2018-03-12 02:00:00,9.384166666666664
2018-03-12 02:30:00,14.9345
2018-03-12 03:00:00,26.6735
2018-03-12 03:30:00,31.800833333333333
2018-03-12 04:00:00,32.743500000000004
2018-03-12 04:30:00,33.80283333333333
2018-03-12 05:00:00,32.22833333333333
2018-03-12 05:30:00,27.6475
2018-03-12 06:00:00,22.2835
2018-03-12 06:30:00,18.38233333333333
2018-03-12 07:00:00,11.036
2018-03-12 07:30:00,15.690166666666665
2018-03-12 08:00:00,17.307000000000002
2018-03-12 08:30:00,16.3065
2018-03-12 09:00:00,9.4995
2018-03-12 09:30:00,7.854833333333332
2018-03-12 10:00:00,4.9075
2018-03-12 10:30:00,1.7054999999999998
2018-03-12 11:00:00,-0.1889999999999999
2018-03-12 11:30:00,0.4568333333333332
2018-03-12 12:00:00,1.5751666666666668
2018-03-12 12:30:00,3.1355
2018-03-12 13:00:00,4.0535000000000005
2018-03-12 13:30:00,4.9365
2018-03-12 14:00:00,3.5224999999999995
2018-03-12 14:30:00,9.1245
2018-03-12 15:00:00,5.912166666666668
2018-03-12 15:30:00,3.3294999999999995
2018-03-12 16:00:00,2.026333333333333
2018-03-12 16:30:00,5.319833333333333
2018-03-12 17:00:00,6.965
2018-03-12 17:30:00,10.032666666666666
2018-03-12 18:00:00,21.563333333333333
2018-03-12 18:30:00,31.9965
2018-03-12 19:00:00,32.328
2018-03-12 19:30:00,36.687
2018-03-12 20:00:00,35.9145
2018-03-12 20:30:00,36.181
2018-03-12 21:00:00,36.901833333333336
2018-03-12 21:30:00,36.11866666666666
2018-03-12 22:00:00,38.38916666666667
2018-03-12 22:30:00,37.18033333333333
2018-03-12 23:00:00,33.253166666666665
2018-03-12 23:30:00,31.037166666666668
2018-03-13 00:00:00,32.41416666666667
2018-03-13 00:30:00,32.5555
2018-03-13 01:00:00,34.46933333333333
2018-03-13 01:30:00,32.0905
2018-03-13 02:00:00,31.7235
2018-03-13 02:30:00,28.7785
2018-03-13 03:00:00,30.774
2018-03-13 03:30:00,30.581666666666667
2018-03-13 04:00:00,29.3395
2018-03-13 04:30:00,29.175833333333333
2018-03-13 05:00:00,29.7015
2018-03-13 05:30:00,29.917666666666666
2018-03-13 06:00:00,29.802333333333333
2018-03-13 06:30:00,29.20783333333333
2018-03-13 07:00:00,27.71133333333333
2018-03-13 07:30:00,27.84166666666667
2018-03-13 08:00:00,26.747666666666664
2018-03-13 08:30:00,24.992666666666665
2018-03-13 09:00:00,24.339
2018-03-13 09:30:00,23.99266666666667
2018-03-13 10:00:00,24.135666666666665
2018-03-13 10:30:00,22.678
2018-03-13 11:00:00,21.334000000000003
2018-03-13 11:30:00,21.757166666666667
2018-03-13 12:00:00,22.91133333333333
2018-03-13 12:30:00,30.11566666666667
2018-03-13 13:00:00,30.950166666666664
2018-03-13 13:30:00,33.47816666666666
2018-03-13 14:00:00,34.7135
2018-03-13 14:30:00,33.941
2018-03-13 15:00:00,31.14633333333333
2018-03-13 15:30:00,29.08383333333333
2018-03-13 16:00:00,30.982
2018-03-13 16:30:00,33.42683333333333
2018-03-13 17:00:00,36.40383333333333
2018-03-13 17:30:00,33.81966666666667
2018-03-13 18:00:00,33.414833333333334
2018-03-13 18:30:00,36.05566666666667
2018-03-13 19:00:00,36.48833333333333
2018-03-13 19:30:00,34.91816666666667
2018-03-13 20:00:00,34.74916666666667
2018-03-13 20:30:00,33.25133333333333
2018-03-13 21:00:00,32.7115
2018-03-13 21:30:00,32.308166666666665
2018-03-13 22:00:00,31.623166666666663
2018-03-13 22:30:00,29.937166666666663
2018-03-13 23:00:00,30.43133333333334
2018-03-13 23:30:00,29.629999999999995
2018-03-14 00:00:00,28.82433333333333
2018-03-14 00:30:00,28.65183333333333
2018-03-14 01:00:00,29.64283333333334
2018-03-14 01:30:00,28.815
2018-03-14 02:00:00,27.105666666666664
2018-03-14 02:30:00,27.021500000000003
2018-03-14 03:00:00,27.035
2018-03-14 03:30:00,25.82783333333333
2018-03-14 04:00:00,25.101999999999997
2018-03-14 04:30:00,24.266
2018-03-14 05:00:00,23.625833333333336
2018-03-14 05:30:00,23.2765
2018-03-14 06:00:00,26.71766666666667
2018-03-14 06:30:00,11.6085
2018-03-14 07:00:00,-0.0113333333333333
2018-03-14 07:30:00,0.0
2018-03-14 08:00:00,0.0
2018-03-14 08:30:00,0.0
2018-03-14 09:00:00,0.0
2018-03-14 09:30:00,0.0
2018-03-14 10:00:00,0.0
2018-03-14 10:30:00,0.0
2018-03-14 11:00:00,0.0
2018-03-14 11:30:00,-0.0296666666666666
2018-03-14 12:00:00,0.0
2018-03-14 12:30:00,-0.011
2018-03-14 13:00:00,0.0
2018-03-14 13:30:00,0.0
2018-03-14 14:00:00,0.0
2018-03-14 14:30:00,0.0
2018-03-14 15:00:00,-0.0153333333333333
2018-03-14 15:30:00,-0.0076666666666666
2018-03-14 16:00:00,0.0
2018-03-14 16:30:00,0.0
2018-03-14 17:00:00,0.0
2018-03-14 17:30:00,0.0
2018-03-14 18:00:00,0.0
2018-03-14 18:30:00,-0.0664999999999999
2018-03-14 19:00:00,-0.3131666666666667
2018-03-14 19:30:00,-0.2938333333333333
2018-03-14 20:00:00,-0.2763333333333333
2018-03-14 20:30:00,0.7016666666666667
2018-03-14 21:00:00,3.565666666666667
2018-03-14 21:30:00,4.9238333333333335
2018-03-14 22:00:00,4.528333333333333
2018-03-14 22:30:00,3.782
2018-03-14 23:00:00,4.1955
2018-03-14 23:30:00,1.1021666666666667
2018-03-15 00:00:00,0.392
2018-03-15 00:30:00,1.8648333333333331
2018-03-15 01:00:00,3.676
2018-03-15 01:30:00,5.982500000000001
2018-03-15 02:00:00,6.817333333333333
2018-03-15 02:30:00,7.144000000000001
2018-03-15 03:00:00,7.163166666666666
2018-03-15 03:30:00,8.853
2018-03-15 04:00:00,11.180166666666668
2018-03-15 04:30:00,15.723666666666665
2018-03-15 05:00:00,21.795666666666666
2018-03-15 05:30:00,23.41083333333333
2018-03-15 06:00:00,19.32633333333333
2018-03-15 06:30:00,27.9405
2018-03-15 07:00:00,31.449166666666667
2018-03-15 07:30:00,25.02666666666667
2018-03-15 08:00:00,18.789666666666665
2018-03-15 08:30:00,13.997
2018-03-15 09:00:00,19.801666666666662
2018-03-15 09:30:00,19.130333333333333
2018-03-15 10:00:00,21.658
2018-03-15 10:30:00,29.269833333333327
2018-03-15 11:00:00,33.8595
2018-03-15 11:30:00,39.585
2018-03-15 12:00:00,39.325333333333326
2018-03-15 12:30:00,39.33866666666668
2018-03-15 13:00:00,40.23466666666667
2018-03-15 13:30:00,40.668
2018-03-15 14:00:00,40.41733333333334
2018-03-15 14:30:00,38.781333333333336
2018-03-15 15:00:00,40.46116666666666
2018-03-15 15:30:00,37.871
2018-03-15 16:00:00,36.193333333333335
2018-03-15 16:30:00,30.434
2018-03-15 17:00:00,29.09466666666667
2018-03-15 17:30:00,19.084166666666665
2018-03-15 18:00:00,18.384
2018-03-15 18:30:00,17.313166666666667
2018-03-15 19:00:00,14.441833333333332
2018-03-15 19:30:00,10.191833333333332
2018-03-15 20:00:00,5.842000000000001
2018-03-15 20:30:00,3.404
2018-03-15 21:00:00,19.16783333333333
2018-03-15 21:30:00,23.44833333333333
2018-03-15 22:00:00,23.925666666666668
2018-03-15 22:30:00,24.219166666666663
2018-03-15 23:00:00,26.019166666666667
2018-03-15 23:30:00,28.50283333333333
2018-03-16 00:00:00,28.031500000000005
2018-03-16 00:30:00,28.341000000000005
2018-03-16 01:00:00,28.724833333333333
2018-03-16 01:30:00,28.858666666666668
2018-03-16 02:00:00,30.83383333333333
2018-03-16 02:30:00,32.803000000000004
2018-03-16 03:00:00,32.7235
2018-03-16 03:30:00,31.70266666666667
2018-03-16 04:00:00,31.04583333333333
2018-03-16 04:30:00,30.631166666666672
2018-03-16 05:00:00,34.11833333333333
2018-03-16 05:30:00,32.083
2018-03-16 06:00:00,33.58116666666666
2018-03-16 06:30:00,32.08416666666667
2018-03-16 07:00:00,32.532333333333334
2018-03-16 07:30:00,30.519833333333334
2018-03-16 08:00:00,31.15566666666666
2018-03-16 08:30:00,29.832666666666668
2018-03-16 09:00:00,26.837333333333333
2018-03-16 09:30:00,22.860166666666668
2018-03-16 10:00:00,21.155
2018-03-16 10:30:00,18.07316666666667
2018-03-16 11:00:00,12.146333333333333
2018-03-16 11:30:00,8.935333333333334
2018-03-16 12:00:00,5.826833333333333
2018-03-16 12:30:00,3.7471666666666654
2018-03-16 13:00:00,2.0675
2018-03-16 13:30:00,1.74
2018-03-16 14:00:00,2.4776666666666665
2018-03-16 14:30:00,2.4578333333333333
2018-03-16 15:00:00,2.654333333333333
2018-03-16 15:30:00,2.088
2018-03-16 16:00:00,6.2075
2018-03-16 16:30:00,11.342666666666666
2018-03-16 17:00:00,11.478666666666667
2018-03-16 17:30:00,13.605333333333334
2018-03-16 18:00:00,16.591333333333335
2018-03-16 18:30:00,16.146833333333333
2018-03-16 19:00:00,16.775833333333335
2018-03-16 19:30:00,17.7315
2018-03-16 20:00:00,16.645333333333333
2018-03-16 20:30:00,18.210833333333337
2018-03-16 21:00:00,21.74716666666667
2018-03-16 21:30:00,19.763666666666666
2018-03-16 22:00:00,13.395
2018-03-16 22:30:00,12.892333333333331
2018-03-16 23:00:00,8.298
2018-03-16 23:30:00,7.419333333333334
2018-03-17 00:00:00,7.201166666666668
2018-03-17 00:30:00,6.199166666666667
2018-03-17 01:00:00,7.688833333333334
2018-03-17 01:30:00,4.840166666666667
2018-03-17 02:00:00,4.133500000000001
2018-03-17 02:30:00,8.859833333333333
2018-03-17 03:00:00,5.1315
2018-03-17 03:30:00,13.431666666666668
2018-03-17 04:00:00,12.153833333333331
2018-03-17 04:30:00,7.5095
2018-03-17 05:00:00,8.255999999999998
2018-03-17 05:30:00,8.203000000000001
2018-03-17 06:00:00,6.721
2018-03-17 06:30:00,5.916
2018-03-17 07:00:00,2.1185000000000005
2018-03-17 07:30:00,-0.1026666666666666
2018-03-17 08:00:00,0.0406666666666666
2018-03-17 08:30:00,0.8343333333333334
2018-03-17 09:00:00,0.1106666666666666
2018-03-17 09:30:00,2.517
2018-03-17 10:00:00,6.071000000000001
2018-03-17 10:30:00,6.188166666666668
2018-03-17 11:00:00,4.340833333333333
2018-03-17 11:30:00,7.476499999999999
2018-03-17 12:00:00,11.079166666666667
2018-03-17 12:30:00,13.848999999999998
2018-03-17 13:00:00,15.579999999999998
2018-03-17 13:30:00,18.554666666666662
2018-03-17 14:00:00,21.072333333333336
2018-03-17 14:30:00,15.537
2018-03-17 15:00:00,13.065833333333332
2018-03-17 15:30:00,9.468833333333334
2018-03-17 16:00:00,4.8245
2018-03-17 16:30:00,3.2593333333333336
2018-03-17 17:00:00,1.5648333333333333
2018-03-17 17:30:00,0.1268333333333333
2018-03-17 18:00:00,-0.3566666666666666
2018-03-17 18:30:00,-0.2846666666666666
2018-03-17 19:00:00,-0.3163333333333333
2018-03-17 19:30:00,-0.304
2018-03-17 20:00:00,-0.3081666666666666
2018-03-17 20:30:00,-0.2831666666666666
2018-03-17 21:00:00,-0.2443333333333333
2018-03-17 21:30:00,-0.2538333333333333
2018-03-17 22:00:00,-0.205
2018-03-17 22:30:00,1.6556666666666668
2018-03-17 23:00:00,6.447
2018-03-17 23:30:00,12.413166666666667
2018-03-18 00:00:00,20.223
2018-03-18 00:30:00,22.768666666666665
2018-03-18 01:00:00,21.725166666666667
2018-03-18 01:30:00,28.04283333333333
2018-03-18 02:00:00,34.909333333333336
2018-03-18 02:30:00,37.132
2018-03-18 03:00:00,37.03716666666666
2018-03-18 03:30:00,37.31066666666667
2018-03-18 04:00:00,34.15266666666667
2018-03-18 04:30:00,35.227333333333334
2018-03-18 05:00:00,35.78766666666666
2018-03-18 05:30:00,37.70633333333333
2018-03-18 06:00:00,40.68833333333333
2018-03-18 06:30:00,40.7655
2018-03-18 07:00:00,39.54466666666667
2018-03-18 07:30:00,39.80516666666667
2018-03-18 08:00:00,42.30049999999999
2018-03-18 08:30:00,41.318333333333335
2018-03-18 09:00:00,43.316
2018-03-18 09:30:00,44.00216666666666
2018-03-18 10:00:00,44.22316666666666
2018-03-18 10:30:00,44.57983333333333
2018-03-18 11:00:00,44.755500000000005
2018-03-18 11:30:00,43.04433333333333
2018-03-18 12:00:00,44.21566666666667
2018-03-18 12:30:00,44.601333333333336
2018-03-18 13:00:00,43.03633333333334
2018-03-18 13:30:00,43.2385
2018-03-18 14:00:00,42.48016666666667
2018-03-18 14:30:00,42.05166666666667
2018-03-18 15:00:00,40.184
2018-03-18 15:30:00,36.750166666666665
2018-03-18 16:00:00,36.630500000000005
2018-03-18 16:30:00,37.93966666666667
2018-03-18 17:00:00,41.40883333333333
2018-03-18 17:30:00,33.29616666666667
2018-03-18 18:00:00,25.229333333333333
2018-03-18 18:30:00,13.351166666666664
2018-03-18 19:00:00,7.841333333333332
2018-03-18 19:30:00,19.467
2018-03-18 20:00:00,28.71366666666667
2018-03-18 20:30:00,19.2115
2018-03-18 21:00:00,18.806500000000003
2018-03-18 21:30:00,36.709
2018-03-18 22:00:00,39.04716666666667
2018-03-18 22:30:00,28.19033333333333
2018-03-18 23:00:00,20.639333333333337
2018-03-18 23:30:00,8.834333333333333
2018-03-19 00:00:00,7.128333333333334
2018-03-19 00:30:00,3.462666666666667
2018-03-19 01:00:00,4.4585
2018-03-19 01:30:00,3.627
2018-03-19 02:00:00,4.666666666666667
2018-03-19 02:30:00,5.114833333333334
2018-03-19 03:00:00,8.680666666666667
2018-03-19 03:30:00,13.055666666666667
2018-03-19 04:00:00,12.166666666666666
2018-03-19 04:30:00,9.656833333333331
2018-03-19 05:00:00,9.555333333333332
2018-03-19 05:30:00,12.396166666666668
2018-03-19 06:00:00,15.995833333333332
2018-03-19 06:30:00,20.045166666666663
2018-03-19 07:00:00,21.6255
2018-03-19 07:30:00,21.727166666666665
2018-03-19 08:00:00,22.800333333333327
2018-03-19 08:30:00,20.8465
2018-03-19 09:00:00,18.7105
2018-03-19 09:30:00,16.468833333333333
2018-03-19 10:00:00,19.180333333333333
2018-03-19 10:30:00,25.143
2018-03-19 11:00:00,29.258166666666668
2018-03-19 11:30:00,31.010666666666665
2018-03-19 12:00:00,35.453833333333336
2018-03-19 12:30:00,34.023833333333336
2018-03-19 13:00:00,35.12566666666667
2018-03-19 13:30:00,35.0965
2018-03-19 14:00:00,34.487500000000004
2018-03-19 14:30:00,36.49433333333333
2018-03-19 15:00:00,35.230666666666664
2018-03-19 15:30:00,33.00833333333333
2018-03-19 16:00:00,27.6465
2018-03-19 16:30:00,25.61766666666667
2018-03-19 17:00:00,21.807
2018-03-19 17:30:00,19.903166666666667
2018-03-19 18:00:00,23.411666666666665
2018-03-19 18:30:00,24.422833333333333
2018-03-19 19:00:00,24.97383333333333
2018-03-19 19:30:00,19.449166666666667
2018-03-19 20:00:00,22.217166666666667
2018-03-19 20:30:00,21.3455
2018-03-19 21:00:00,16.105833333333333
2018-03-19 21:30:00,20.06
2018-03-19 22:00:00,21.58083333333333
2018-03-19 22:30:00,24.81683333333333
2018-03-19 23:00:00,24.135
2018-03-19 23:30:00,18.4475
2018-03-20 00:00:00,18.226
2018-03-20 00:30:00,22.572666666666663
2018-03-20 01:00:00,21.832166666666662
2018-03-20 01:30:00,14.185166666666666
2018-03-20 02:00:00,7.623833333333333
2018-03-20 02:30:00,5.344666666666666
2018-03-20 03:00:00,3.1785
2018-03-20 03:30:00,1.4861666666666666
2018-03-20 04:00:00,0.2208333333333333
2018-03-20 04:30:00,-0.1818333333333333
2018-03-20 05:00:00,0.353
2018-03-20 05:30:00,0.2181666666666666
2018-03-20 06:00:00,-0.2393333333333333
2018-03-20 06:30:00,1.8673333333333333
2018-03-20 07:00:00,14.000499999999995
2018-03-20 07:30:00,25.09633333333333
2018-03-20 08:00:00,22.511333333333337
2018-03-20 08:30:00,26.058
2018-03-20 09:00:00,31.208166666666667
2018-03-20 09:30:00,27.649166666666662
2018-03-20 10:00:00,26.188499999999998
2018-03-20 10:30:00,24.450833333333332
2018-03-20 11:00:00,26.860833333333336
2018-03-20 11:30:00,28.06883333333333
2018-03-20 12:00:00,27.965166666666672
2018-03-20 12:30:00,26.721833333333336
2018-03-20 13:00:00,27.413
2018-03-20 13:30:00,28.801
2018-03-20 14:00:00,30.418
2018-03-20 14:30:00,39.93983333333333
2018-03-20 15:00:00,42.5905
2018-03-20 15:30:00,45.14033333333333
2018-03-20 16:00:00,45.17733333333334
2018-03-20 16:30:00,46.37299999999999
2018-03-20 17:00:00,46.32716666666666
2018-03-20 17:30:00,46.50716666666667
2018-03-20 18:00:00,46.62916666666666
2018-03-20 18:30:00,46.5395
2018-03-20 19:00:00,46.41133333333334
2018-03-20 19:30:00,46.43566666666667
2018-03-20 20:00:00,46.556
2018-03-20 20:30:00,46.49583333333334
2018-03-20 21:00:00,46.665333333333336
2018-03-20 21:30:00,46.573
2018-03-20 22:00:00,46.4555
2018-03-20 22:30:00,46.65483333333333
2018-03-20 23:00:00,46.62516666666667
2018-03-20 23:30:00,46.577000000000005
2018-03-21 00:00:00,46.512166666666666
2018-03-21 00:30:00,46.534
2018-03-21 01:00:00,46.536
2018-03-21 01:30:00,45.48933333333333
2018-03-21 02:00:00,44.8675
2018-03-21 02:30:00,44.19566666666666
2018-03-21 03:00:00,44.890166666666666
2018-03-21 03:30:00,44.47116666666667
2018-03-21 04:00:00,44.2705
2018-03-21 04:30:00,44.49316666666667
2018-03-21 05:00:00,44.82266666666667
2018-03-21 05:30:00,44.74533333333333
2018-03-21 06:00:00,44.85383333333333
2018-03-21 06:30:00,44.29433333333333
2018-03-21 07:00:00,44.74633333333333
2018-03-21 07:30:00,44.958333333333336
2018-03-21 08:00:00,44.99183333333334
2018-03-21 08:30:00,45.084833333333336
2018-03-21 09:00:00,44.97383333333333
2018-03-21 09:30:00,44.42683333333333
2018-03-21 10:00:00,45.10466666666667
2018-03-21 10:30:00,44.73733333333333
2018-03-21 11:00:00,46.285
2018-03-21 11:30:00,46.583333333333336
2018-03-21 12:00:00,45.63766666666666
2018-03-21 12:30:00,46.00566666666666
2018-03-21 13:00:00,44.369
2018-03-21 13:30:00,44.896
2018-03-21 14:00:00,45.3195
2018-03-21 14:30:00,46.34333333333333
2018-03-21 15:00:00,45.81466666666666
2018-03-21 15:30:00,45.7805
2018-03-21 16:00:00,46.39266666666666
2018-03-21 16:30:00,44.445166666666665
2018-03-21 17:00:00,43.52833333333333
2018-03-21 17:30:00,43.239
2018-03-21 18:00:00,43.60683333333333
2018-03-21 18:30:00,43.65233333333333
2018-03-21 19:00:00,43.589000000000006
2018-03-21 19:30:00,43.56833333333333
2018-03-21 20:00:00,43.6655
2018-03-21 20:30:00,43.52216666666667
2018-03-21 21:00:00,43.50383333333334
2018-03-21 21:30:00,43.4025
2018-03-21 22:00:00,43.44916666666666
2018-03-21 22:30:00,43.35383333333333
2018-03-21 23:00:00,42.44733333333334
2018-03-21 23:30:00,42.543000000000006
2018-03-22 00:00:00,42.9305
2018-03-22 00:30:00,43.398
2018-03-22 01:00:00,43.3605
2018-03-22 01:30:00,43.376666666666665
2018-03-22 02:00:00,43.395833333333336
2018-03-22 02:30:00,43.44
2018-03-22 03:00:00,43.52216666666667
2018-03-22 03:30:00,42.95683333333334
2018-03-22 04:00:00,41.838166666666666
2018-03-22 04:30:00,42.79733333333333
2018-03-22 05:00:00,43.160833333333336
2018-03-22 05:30:00,43.34833333333333
2018-03-22 06:00:00,43.13916666666666
2018-03-22 06:30:00,43.56633333333334
2018-03-22 07:00:00,43.53416666666666
2018-03-22 07:30:00,43.46
2018-03-22 08:00:00,43.28783333333334
2018-03-22 08:30:00,43.310833333333335
2018-03-22 09:00:00,42.92966666666666
2018-03-22 09:30:00,42.22533333333333
2018-03-22 10:00:00,42.91716666666667
2018-03-22 10:30:00,42.5925
2018-03-22 11:00:00,42.836000000000006
2018-03-22 11:30:00,42.368833333333335
2018-03-22 12:00:00,41.72383333333333
2018-03-22 12:30:00,41.10416666666666
2018-03-22 13:00:00,43.04900000000001
2018-03-22 13:30:00,42.60416666666667
2018-03-22 14:00:00,43.1815
2018-03-22 14:30:00,42.69899999999999
2018-03-22 15:00:00,43.09066666666667
2018-03-22 15:30:00,42.5
2018-03-22 16:00:00,40.14333333333334
2018-03-22 16:30:00,39.148500000000006
2018-03-22 17:00:00,44.71516666666667
2018-03-22 17:30:00,45.646166666666666
2018-03-22 18:00:00,42.43033333333333
2018-03-22 18:30:00,39.547
2018-03-22 19:00:00,43.060333333333325
2018-03-22 19:30:00,42.709333333333326
2018-03-22 20:00:00,39.60416666666666
2018-03-22 20:30:00,42.78
2018-03-22 21:00:00,44.62683333333333
2018-03-22 21:30:00,42.4395
2018-03-22 22:00:00,42.1445
2018-03-22 22:30:00,44.196333333333335
2018-03-22 23:00:00,45.31466666666666
2018-03-22 23:30:00,45.161
2018-03-23 00:00:00,45.070166666666665
2018-03-23 00:30:00,45.12583333333333
2018-03-23 01:00:00,44.702666666666666
2018-03-23 01:30:00,43.837
2018-03-23 02:00:00,44.181333333333335
2018-03-23 02:30:00,43.92850000000001
2018-03-23 03:00:00,43.534
2018-03-23 03:30:00,43.303333333333335
2018-03-23 04:00:00,44.22716666666667
2018-03-23 04:30:00,43.3635
2018-03-23 05:00:00,42.50133333333333
2018-03-23 05:30:00,40.7745
2018-03-23 06:00:00,38.6505
2018-03-23 06:30:00,38.997666666666674
2018-03-23 07:00:00,37.284666666666666
2018-03-23 07:30:00,35.602833333333336
2018-03-23 08:00:00,33.76233333333334
2018-03-23 08:30:00,36.95683333333334
2018-03-23 09:00:00,35.86600000000001
2018-03-23 09:30:00,38.574666666666666
2018-03-23 10:00:00,36.68866666666667
2018-03-23 10:30:00,35.21383333333333
2018-03-23 11:00:00,33.8705
2018-03-23 11:30:00,32.034
2018-03-23 12:00:00,25.861166666666676
2018-03-23 12:30:00,24.4465
2018-03-23 13:00:00,18.292
2018-03-23 13:30:00,15.615166666666669
2018-03-23 14:00:00,10.4445
2018-03-23 14:30:00,11.907166666666669
2018-03-23 15:00:00,17.433
2018-03-23 15:30:00,20.29083333333333
2018-03-23 16:00:00,22.965
2018-03-23 16:30:00,23.2895
2018-03-23 17:00:00,30.126
2018-03-23 17:30:00,23.799333333333333
2018-03-23 18:00:00,23.272333333333336
2018-03-23 18:30:00,26.890500000000003
2018-03-23 19:00:00,21.768833333333333
2018-03-23 19:30:00,19.602166666666665
2018-03-23 20:00:00,23.918333333333333
2018-03-23 20:30:00,23.364500000000003
2018-03-23 21:00:00,24.36266666666667
2018-03-23 21:30:00,23.598166666666668
2018-03-23 22:00:00,20.587166666666665
2018-03-23 22:30:00,18.240333333333336
2018-03-23 23:00:00,17.476
2018-03-23 23:30:00,15.643166666666666
2018-03-24 00:00:00,10.407166666666669
2018-03-24 00:30:00,7.635333333333333
2018-03-24 01:00:00,4.204833333333334
2018-03-24 01:30:00,1.3463333333333332
2018-03-24 02:00:00,0.2609999999999999
2018-03-24 02:30:00,4.498666666666667
2018-03-24 03:00:00,5.563833333333334
2018-03-24 03:30:00,5.029666666666667
2018-03-24 04:00:00,2.8608333333333333
2018-03-24 04:30:00,5.078333333333333
2018-03-24 05:00:00,3.7006666666666663
2018-03-24 05:30:00,3.813833333333333
2018-03-24 06:00:00,7.0313333333333325
2018-03-24 06:30:00,11.919333333333334
2018-03-24 07:00:00,9.613666666666669
2018-03-24 07:30:00,7.0615
2018-03-24 08:00:00,4.727166666666667
2018-03-24 08:30:00,3.338833333333333
2018-03-24 09:00:00,6.628833333333334
2018-03-24 09:30:00,7.076166666666668
2018-03-24 10:00:00,17.365833333333335
2018-03-24 10:30:00,26.91633333333333
2018-03-24 11:00:00,23.70833333333333
2018-03-24 11:30:00,20.31233333333333
2018-03-24 12:00:00,22.766500000000004
2018-03-24 12:30:00,21.93533333333333
2018-03-24 13:00:00,19.4675
2018-03-24 13:30:00,23.859
2018-03-24 14:00:00,18.165000000000003
2018-03-24 14:30:00,15.470166666666666
2018-03-24 15:00:00,15.376
2018-03-24 15:30:00,16.99683333333333
2018-03-24 16:00:00,17.995
2018-03-24 16:30:00,12.581333333333331
2018-03-24 17:00:00,12.831333333333331
2018-03-24 17:30:00,7.910333333333334
2018-03-24 18:00:00,4.842333333333333
2018-03-24 18:30:00,6.950833333333333
2018-03-24 19:00:00,12.449166666666663
2018-03-24 19:30:00,17.3935
2018-03-24 20:00:00,18.468
2018-03-24 20:30:00,15.52966666666667
2018-03-24 21:00:00,7.775833333333334
2018-03-24 21:30:00,16.633666666666667
2018-03-24 22:00:00,35.5395
2018-03-24 22:30:00,35.81
2018-03-24 23:00:00,29.126833333333337
2018-03-24 23:30:00,36.42066666666667
2018-03-25 00:00:00,37.40433333333333
2018-03-25 00:30:00,40.355
2018-03-25 01:00:00,39.58116666666667
2018-03-25 01:30:00,37.45333333333333
2018-03-25 02:00:00,37.63216666666667
2018-03-25 02:30:00,39.80316666666667
2018-03-25 03:00:00,38.35833333333334
2018-03-25 03:30:00,40.42133333333334
2018-03-25 04:00:00,41.9285
2018-03-25 04:30:00,43.05666666666667
2018-03-25 05:00:00,44.15016666666666
2018-03-25 05:30:00,44.51916666666667
2018-03-25 06:00:00,44.93033333333333
2018-03-25 06:30:00,45.00633333333334
2018-03-25 07:00:00,44.75216666666666
2018-03-25 07:30:00,44.669
2018-03-25 08:00:00,43.592000000000006
2018-03-25 08:30:00,42.193
2018-03-25 09:00:00,42.37866666666667
2018-03-25 09:30:00,42.22816666666667
2018-03-25 10:00:00,42.865
2018-03-25 10:30:00,42.90033333333334
2018-03-25 11:00:00,44.87133333333333
2018-03-25 11:30:00,43.639833333333335
2018-03-25 12:00:00,41.03066666666667
2018-03-25 12:30:00,41.90166666666667
2018-03-25 13:00:00,41.19483333333333
2018-03-25 13:30:00,39.083666666666666
2018-03-25 14:00:00,42.174
2018-03-25 14:30:00,37.91116666666667
2018-03-25 15:00:00,35.80416666666667
2018-03-25 15:30:00,36.98866666666667
2018-03-25 16:00:00,34.543
2018-03-25 16:30:00,31.55483333333333
2018-03-25 17:00:00,41.323
2018-03-25 17:30:00,23.5325
2018-03-25 18:00:00,17.269333333333332
2018-03-25 18:30:00,18.836
2018-03-25 19:00:00,22.40333333333333
2018-03-25 19:30:00,35.22966666666667
2018-03-25 20:00:00,40.567
2018-03-25 20:30:00,41.57416666666667
2018-03-25 21:00:00,41.5415
2018-03-25 21:30:00,42.061166666666665
2018-03-25 22:00:00,41.665
2018-03-25 22:30:00,41.789
2018-03-25 23:00:00,41.678
2018-03-25 23:30:00,41.82533333333333
2018-03-26 00:00:00,41.865833333333335
2018-03-26 00:30:00,42.11483333333334
2018-03-26 01:00:00,42.13816666666667
2018-03-26 01:30:00,42.11516666666667
2018-03-26 02:00:00,41.988166666666665
2018-03-26 02:30:00,42.1745
2018-03-26 03:00:00,42.10866666666667
2018-03-26 03:30:00,42.191
2018-03-26 04:00:00,41.978
2018-03-26 04:30:00,41.9825
2018-03-26 05:00:00,42.06733333333333
2018-03-26 05:30:00,42.12666666666667
2018-03-26 06:00:00,42.02616666666666
2018-03-26 06:30:00,41.93966666666666
2018-03-26 07:00:00,42.02883333333333
2018-03-26 07:30:00,41.47583333333333
2018-03-26 08:00:00,42.08183333333333
2018-03-26 08:30:00,42.73733333333333
2018-03-26 09:00:00,40.84966666666667
2018-03-26 09:30:00,38.696666666666665
2018-03-26 10:00:00,36.8465
2018-03-26 10:30:00,41.16616666666667
2018-03-26 11:00:00,41.174666666666674
2018-03-26 11:30:00,41.29733333333333
2018-03-26 12:00:00,41.62916666666667
2018-03-26 12:30:00,38.76716666666667
2018-03-26 13:00:00,39.014500000000005
2018-03-26 13:30:00,39.7645
2018-03-26 14:00:00,40.13
2018-03-26 14:30:00,41.909
2018-03-26 15:00:00,43.84783333333333
2018-03-26 15:30:00,43.20250000000001
2018-03-26 16:00:00,41.481
2018-03-26 16:30:00,41.088
2018-03-26 17:00:00,40.92533333333333
2018-03-26 17:30:00,33.03516666666666
2018-03-26 18:00:00,17.447666666666667
2018-03-26 18:30:00,35.894333333333336
2018-03-26 19:00:00,20.531333333333333
2018-03-26 19:30:00,36.505500000000005
2018-03-26 20:00:00,28.169833333333333
2018-03-26 20:30:00,27.488
2018-03-26 21:00:00,7.606333333333333
2018-03-26 21:30:00,4.471
2018-03-26 22:00:00,5.2
2018-03-26 22:30:00,11.4325
2018-03-26 23:00:00,4.541333333333333
2018-03-26 23:30:00,5.549333333333333
2018-03-27 00:00:00,10.9865
2018-03-27 00:30:00,8.2395
2018-03-27 01:00:00,5.708833333333334
2018-03-27 01:30:00,4.1883333333333335
2018-03-27 02:00:00,4.138833333333333
2018-03-27 02:30:00,5.697666666666667
2018-03-27 03:00:00,6.880166666666667
2018-03-27 03:30:00,0.6736666666666666
2018-03-27 04:00:00,-0.3254999999999999
2018-03-27 04:30:00,-0.2963333333333333
2018-03-27 05:00:00,-0.2451666666666666
2018-03-27 05:30:00,-0.2536666666666666
2018-03-27 06:00:00,-0.2464999999999999
2018-03-27 06:30:00,-0.2968333333333333
2018-03-27 07:00:00,-0.2643333333333333
2018-03-27 07:30:00,-0.2893333333333333
2018-03-27 08:00:00,-0.3251666666666666
2018-03-27 08:30:00,-0.3155
2018-03-27 09:00:00,0.5991666666666666
2018-03-27 09:30:00,9.382333333333332
2018-03-27 10:00:00,8.365666666666668
2018-03-27 10:30:00,6.1066666666666665
2018-03-27 11:00:00,7.728333333333333
2018-03-27 11:30:00,6.857166666666667
2018-03-27 12:00:00,3.8141666666666665
2018-03-27 12:30:00,2.779166666666667
2018-03-27 13:00:00,2.235
2018-03-27 13:30:00,1.5746666666666669
2018-03-27 14:00:00,0.6721666666666666
2018-03-27 14:30:00,0.0886666666666666
2018-03-27 15:00:00,-0.0755
2018-03-27 15:30:00,0.1403333333333333
2018-03-27 16:00:00,0.3201666666666667
2018-03-27 16:30:00,0.246
2018-03-27 17:00:00,0.4285
2018-03-27 17:30:00,2.202833333333334
2018-03-27 18:00:00,5.334166666666667
2018-03-27 18:30:00,12.173
2018-03-27 19:00:00,16.322833333333335
2018-03-27 19:30:00,15.534
2018-03-27 20:00:00,16.344333333333335
2018-03-27 20:30:00,18.012
2018-03-27 21:00:00,20.230833333333333
2018-03-27 21:30:00,23.19083333333333
2018-03-27 22:00:00,21.595166666666668
2018-03-27 22:30:00,17.9725
2018-03-27 23:00:00,20.58666666666667
2018-03-27 23:30:00,17.862
2018-03-28 00:00:00,12.242666666666668
2018-03-28 00:30:00,8.802666666666665
2018-03-28 01:00:00,8.0645
2018-03-28 01:30:00,9.761166666666666
2018-03-28 02:00:00,10.187166666666668
2018-03-28 02:30:00,7.903499999999998
2018-03-28 03:00:00,5.350333333333334
2018-03-28 03:30:00,8.008333333333333
2018-03-28 04:00:00,8.169333333333332
2018-03-28 04:30:00,7.464833333333334
2018-03-28 05:00:00,4.270333333333334
2018-03-28 05:30:00,3.0573333333333337
2018-03-28 06:00:00,5.883666666666667
2018-03-28 06:30:00,9.409999999999998
2018-03-28 07:00:00,9.671333333333331
2018-03-28 07:30:00,10.136666666666668
2018-03-28 08:00:00,8.084833333333334
2018-03-28 08:30:00,10.066
2018-03-28 09:00:00,8.117666666666667
2018-03-28 09:30:00,11.571333333333332
2018-03-28 10:00:00,13.5995
2018-03-28 10:30:00,11.456166666666666
2018-03-28 11:00:00,8.520000000000001
2018-03-28 11:30:00,8.288833333333333
2018-03-28 12:00:00,7.672333333333333
2018-03-28 12:30:00,7.165666666666667
2018-03-28 13:00:00,8.289
2018-03-28 13:30:00,10.737333333333332
2018-03-28 14:00:00,10.429333333333332
2018-03-28 14:30:00,9.367166666666666
2018-03-28 15:00:00,8.398833333333334
2018-03-28 15:30:00,8.052000000000001
2018-03-28 16:00:00,7.224999999999999
2018-03-28 16:30:00,5.154833333333333
2018-03-28 17:00:00,4.051666666666667
2018-03-28 17:30:00,1.9770000000000003
2018-03-28 18:00:00,0.6455
2018-03-28 18:30:00,1.688
2018-03-28 19:00:00,3.3030000000000004
2018-03-28 19:30:00,2.2756666666666665
2018-03-28 20:00:00,3.1201666666666665
2018-03-28 20:30:00,2.866666666666667
2018-03-28 21:00:00,2.3158333333333334
2018-03-28 21:30:00,2.1286666666666663
2018-03-28 22:00:00,2.5188333333333333
2018-03-28 22:30:00,2.337666666666667
2018-03-28 23:00:00,3.3255000000000003
2018-03-28 23:30:00,1.5356666666666663
2018-03-29 00:00:00,0.2098333333333333
2018-03-29 00:30:00,0.7358333333333333
2018-03-29 01:00:00,1.026
2018-03-29 01:30:00,1.0676666666666663
2018-03-29 02:00:00,-0.2248333333333333
2018-03-29 02:30:00,-0.3091666666666666
2018-03-29 03:00:00,-0.2353333333333333
2018-03-29 03:30:00,-0.2404999999999999
2018-03-29 04:00:00,-0.2226666666666666
2018-03-29 04:30:00,-0.228
2018-03-29 05:00:00,-0.2661666666666666
2018-03-29 05:30:00,-0.2496666666666666
2018-03-29 06:00:00,-0.2586666666666666
2018-03-29 06:30:00,-0.2443333333333333
2018-03-29 07:00:00,-0.2815
2018-03-29 07:30:00,-0.2928333333333333
2018-03-29 08:00:00,-0.3285
2018-03-29 08:30:00,-0.2846666666666667
2018-03-29 09:00:00,-0.2755
2018-03-29 09:30:00,-0.2366666666666666
2018-03-29 10:00:00,-0.2649999999999999
2018-03-29 10:30:00,-0.2628333333333333
2018-03-29 11:00:00,-0.2996666666666667
2018-03-29 11:30:00,-0.2723333333333333
2018-03-29 12:00:00,-0.2723333333333332
2018-03-29 12:30:00,-0.1771666666666666
2018-03-29 13:00:00,-0.067
2018-03-29 13:30:00,0.8765000000000001
2018-03-29 14:00:00,4.663166666666667
2018-03-29 14:30:00,4.325333333333334
2018-03-29 15:00:00,8.612833333333333
2018-03-29 15:30:00,7.149666666666668
2018-03-29 16:00:00,7.965
2018-03-29 16:30:00,7.159333333333333
2018-03-29 17:00:00,9.815666666666669
2018-03-29 17:30:00,11.467
2018-03-29 18:00:00,10.4935
2018-03-29 18:30:00,10.848166666666666
2018-03-29 19:00:00,7.649833333333333
2018-03-29 19:30:00,3.865833333333333
2018-03-29 20:00:00,1.3453333333333335
2018-03-29 20:30:00,0.0721666666666666
2018-03-29 21:00:00,-0.1989999999999999
2018-03-29 21:30:00,0.0614999999999999
2018-03-29 22:00:00,-0.1385
2018-03-29 22:30:00,-0.2123333333333333
2018-03-29 23:00:00,-0.3268333333333333
2018-03-29 23:30:00,-0.2516666666666667
2018-03-30 00:00:00,-0.2721666666666666
2018-03-30 00:30:00,-0.3428333333333332
2018-03-30 01:00:00,-0.2383333333333332
2018-03-30 01:30:00,-0.2333333333333333
2018-03-30 02:00:00,-0.2571666666666666
2018-03-30 02:30:00,-0.2373333333333333
2018-03-30 03:00:00,0.1471666666666666
2018-03-30 03:30:00,2.488
2018-03-30 04:00:00,4.375
2018-03-30 04:30:00,6.5915
2018-03-30 05:00:00,2.906166666666667
2018-03-30 05:30:00,4.947
2018-03-30 06:00:00,6.0681666666666665
2018-03-30 06:30:00,7.261833333333333
2018-03-30 07:00:00,13.696
2018-03-30 07:30:00,17.634333333333334
2018-03-30 08:00:00,16.118333333333336
2018-03-30 08:30:00,9.406666666666666
2018-03-30 09:00:00,8.410833333333334
2018-03-30 09:30:00,7.542166666666667
2018-03-30 10:00:00,11.740333333333334
2018-03-30 10:30:00,11.429333333333332
2018-03-30 11:00:00,15.254166666666668
2018-03-30 11:30:00,21.959833333333336
2018-03-30 12:00:00,28.592166666666667
2018-03-30 12:30:00,39.47816666666667
2018-03-30 13:00:00,40.09016666666667
2018-03-30 13:30:00,36.3585
2018-03-30 14:00:00,30.299166666666665
2018-03-30 14:30:00,25.779
2018-03-30 15:00:00,22.795333333333332
2018-03-30 15:30:00,20.503833333333333
2018-03-30 16:00:00,17.421833333333332
2018-03-30 16:30:00,14.495666666666663
2018-03-30 17:00:00,12.954666666666666
2018-03-30 17:30:00,10.213666666666668
2018-03-30 18:00:00,10.599166666666669
2018-03-30 18:30:00,13.710166666666666
2018-03-30 19:00:00,14.653666666666666
2018-03-30 19:30:00,18.87833333333333
2018-03-30 20:00:00,14.529333333333334
2018-03-30 20:30:00,3.978166666666667
2018-03-30 21:00:00,1.824
2018-03-30 21:30:00,10.907666666666666
2018-03-30 22:00:00,12.7175
2018-03-30 22:30:00,12.361333333333333
2018-03-30 23:00:00,14.646833333333332
2018-03-30 23:30:00,18.355666666666668
2018-03-31 00:00:00,24.0735
2018-03-31 00:30:00,25.849500000000003
2018-03-31 01:00:00,27.7685
2018-03-31 01:30:00,29.15183333333333
2018-03-31 02:00:00,30.245666666666665
2018-03-31 02:30:00,31.587
2018-03-31 03:00:00,29.290166666666664
2018-03-31 03:30:00,29.272333333333336
2018-03-31 04:00:00,29.1145
2018-03-31 04:30:00,28.62833333333333
2018-03-31 05:00:00,28.81533333333334
2018-03-31 05:30:00,28.281333333333336
2018-03-31 06:00:00,28.74783333333333
2018-03-31 06:30:00,28.0215
2018-03-31 07:00:00,27.88933333333333
2018-03-31 07:30:00,26.703166666666664
2018-03-31 08:00:00,26.2345
2018-03-31 08:30:00,23.66333333333333
2018-03-31 09:00:00,21.069333333333333
2018-03-31 09:30:00,21.66733333333333
2018-03-31 10:00:00,18.8835
2018-03-31 10:30:00,16.00433333333333
2018-03-31 11:00:00,10.778166666666666
2018-03-31 11:30:00,6.5183333333333335
2018-03-31 12:00:00,3.884
2018-03-31 12:30:00,3.361166666666667
2018-03-31 13:00:00,2.441666666666667
2018-03-31 13:30:00,0.5323333333333334
2018-03-31 14:00:00,1.6146666666666665
2018-03-31 14:30:00,3.2625
2018-03-31 15:00:00,2.6326666666666667
2018-03-31 15:30:00,2.3350000000000004
2018-03-31 16:00:00,0.4358333333333333
2018-03-31 16:30:00,0.9208333333333334
2018-03-31 17:00:00,1.4986666666666666
2018-03-31 17:30:00,2.675333333333333
2018-03-31 18:00:00,6.222333333333332
2018-03-31 18:30:00,9.712166666666668
2018-03-31 19:00:00,11.329666666666668
2018-03-31 19:30:00,9.813166666666667
2018-03-31 20:00:00,6.157666666666667
2018-03-31 20:30:00,4.741333333333333
2018-03-31 21:00:00,2.139666666666667
2018-03-31 21:30:00,0.2691666666666666
2018-03-31 22:00:00,0.1791666666666666
2018-03-31 22:30:00,0.9298333333333332
2018-03-31 23:00:00,-0.2015
2018-03-31 23:30:00,-0.2956666666666666
